From Date,To Date,Ozone,CO,SO2,NO2,PM10,PM2.5,State,City,Station,AQI,AQI Category
01-08-2021 00:00,02-08-2021 00:00,,,,,,,Sikkim,Gangtok,"Zero Point GICI, Gangtok - SSPCB",,
02-08-2021 00:00,03-08-2021 00:00,,,,,,,Sikkim,Gangtok,"Zero Point GICI, Gangtok - SSPCB",,
03-08-2021 00:00,04-08-2021 00:00,,,,,,,Sikkim,Gangtok,"Zero Point GICI, Gangtok - SSPCB",,
04-08-2021 00:00,05-08-2021 00:00,,,,,,,Sikkim,Gangtok,"Zero Point GICI, Gangtok - SSPCB",,
05-08-2021 00:00,06-08-2021 00:00,,,,,,,Sikkim,Gangtok,"Zero Point GICI, Gangtok - SSPCB",,
06-08-2021 00:00,07-08-2021 00:00,,,,,,,Sikkim,Gangtok,"Zero Point GICI, Gangtok - SSPCB",,
07-08-2021 00:00,08-08-2021 00:00,,,,,,,Sikkim,Gangtok,"Zero Point GICI, Gangtok - SSPCB",,
08-08-2021 00:00,09-08-2021 00:00,,,,,,,Sikkim,Gangtok,"Zero Point GICI, Gangtok - SSPCB",,
09-08-2021 00:00,10-08-2021 00:00,,,,,,,Sikkim,Gangtok,"Zero Point GICI, Gangtok - SSPCB",,
10-08-2021 00:00,11-08-2021 00:00,,,,,,,Sikkim,Gangtok,"Zero Point GICI, Gangtok - SSPCB",,
11-08-2021 00:00,12-08-2021 00:00,,,,,,,Sikkim,Gangtok,"Zero Point GICI, Gangtok - SSPCB",,
12-08-2021 00:00,13-08-2021 00:00,,,,,,,Sikkim,Gangtok,"Zero Point GICI, Gangtok - SSPCB",,
13-08-2021 00:00,14-08-2021 00:00,,,,,,,Sikkim,Gangtok,"Zero Point GICI, Gangtok - SSPCB",,
14-08-2021 00:00,15-08-2021 00:00,,,,,,,Sikkim,Gangtok,"Zero Point GICI, Gangtok - SSPCB",,
15-08-2021 00:00,16-08-2021 00:00,,,,,,,Sikkim,Gangtok,"Zero Point GICI, Gangtok - SSPCB",,
16-08-2021 00:00,17-08-2021 00:00,,,,,,,Sikkim,Gangtok,"Zero Point GICI, Gangtok - SSPCB",,
17-08-2021 00:00,18-08-2021 00:00,,,,,,,Sikkim,Gangtok,"Zero Point GICI, Gangtok - SSPCB",,
18-08-2021 00:00,19-08-2021 00:00,,,,,,,Sikkim,Gangtok,"Zero Point GICI, Gangtok - SSPCB",,
19-08-2021 00:00,20-08-2021 00:00,,,,,,,Sikkim,Gangtok,"Zero Point GICI, Gangtok - SSPCB",,
20-08-2021 00:00,21-08-2021 00:00,,,,,,,Sikkim,Gangtok,"Zero Point GICI, Gangtok - SSPCB",,
21-08-2021 00:00,22-08-2021 00:00,,,,,,,Sikkim,Gangtok,"Zero Point GICI, Gangtok - SSPCB",,
22-08-2021 00:00,23-08-2021 00:00,,,,,,,Sikkim,Gangtok,"Zero Point GICI, Gangtok - SSPCB",,
23-08-2021 00:00,24-08-2021 00:00,,,,,,,Sikkim,Gangtok,"Zero Point GICI, Gangtok - SSPCB",,
24-08-2021 00:00,25-08-2021 00:00,,,,,,,Sikkim,Gangtok,"Zero Point GICI, Gangtok - SSPCB",,
25-08-2021 00:00,26-08-2021 00:00,,,,,,,Sikkim,Gangtok,"Zero Point GICI, Gangtok - SSPCB",,
26-08-2021 00:00,27-08-2021 00:00,,,,,,,Sikkim,Gangtok,"Zero Point GICI, Gangtok - SSPCB",,
27-08-2021 00:00,28-08-2021 00:00,,,,,,,Sikkim,Gangtok,"Zero Point GICI, Gangtok - SSPCB",,
28-08-2021 00:00,29-08-2021 00:00,,,,,,,Sikkim,Gangtok,"Zero Point GICI, Gangtok - SSPCB",,
29-08-2021 00:00,30-08-2021 00:00,,,,,,,Sikkim,Gangtok,"Zero Point GICI, Gangtok - SSPCB",,
30-08-2021 00:00,31-08-2021 00:00,,,,,,,Sikkim,Gangtok,"Zero Point GICI, Gangtok - SSPCB",,
31-08-2021 00:00,01-09-2021 00:00,,,,,,,Sikkim,Gangtok,"Zero Point GICI, Gangtok - SSPCB",,
01-09-2021 00:00,02-09-2021 00:00,,,,,,,Sikkim,Gangtok,"Zero Point GICI, Gangtok - SSPCB",,
02-09-2021 00:00,03-09-2021 00:00,,,,,,,Sikkim,Gangtok,"Zero Point GICI, Gangtok - SSPCB",,
03-09-2021 00:00,04-09-2021 00:00,,,,,,,Sikkim,Gangtok,"Zero Point GICI, Gangtok - SSPCB",,
04-09-2021 00:00,05-09-2021 00:00,,,,,,,Sikkim,Gangtok,"Zero Point GICI, Gangtok - SSPCB",,
05-09-2021 00:00,06-09-2021 00:00,,,,,,,Sikkim,Gangtok,"Zero Point GICI, Gangtok - SSPCB",,
06-09-2021 00:00,07-09-2021 00:00,,,,,,,Sikkim,Gangtok,"Zero Point GICI, Gangtok - SSPCB",,
07-09-2021 00:00,08-09-2021 00:00,,,,,,,Sikkim,Gangtok,"Zero Point GICI, Gangtok - SSPCB",,
08-09-2021 00:00,09-09-2021 00:00,,,,,,,Sikkim,Gangtok,"Zero Point GICI, Gangtok - SSPCB",,
09-09-2021 00:00,10-09-2021 00:00,,,,,,,Sikkim,Gangtok,"Zero Point GICI, Gangtok - SSPCB",,
10-09-2021 00:00,11-09-2021 00:00,,,,,,,Sikkim,Gangtok,"Zero Point GICI, Gangtok - SSPCB",,
11-09-2021 00:00,12-09-2021 00:00,,,,,,,Sikkim,Gangtok,"Zero Point GICI, Gangtok - SSPCB",,
12-09-2021 00:00,13-09-2021 00:00,,,,,,,Sikkim,Gangtok,"Zero Point GICI, Gangtok - SSPCB",,
13-09-2021 00:00,14-09-2021 00:00,,,,,,,Sikkim,Gangtok,"Zero Point GICI, Gangtok - SSPCB",,
14-09-2021 00:00,15-09-2021 00:00,,,,,,,Sikkim,Gangtok,"Zero Point GICI, Gangtok - SSPCB",,
15-09-2021 00:00,16-09-2021 00:00,,,,,,,Sikkim,Gangtok,"Zero Point GICI, Gangtok - SSPCB",,
16-09-2021 00:00,17-09-2021 00:00,,,,,,,Sikkim,Gangtok,"Zero Point GICI, Gangtok - SSPCB",,
17-09-2021 00:00,18-09-2021 00:00,,,,,,,Sikkim,Gangtok,"Zero Point GICI, Gangtok - SSPCB",,
18-09-2021 00:00,19-09-2021 00:00,,,,,,,Sikkim,Gangtok,"Zero Point GICI, Gangtok - SSPCB",,
19-09-2021 00:00,20-09-2021 00:00,,,,,,,Sikkim,Gangtok,"Zero Point GICI, Gangtok - SSPCB",,
20-09-2021 00:00,21-09-2021 00:00,,,,,,,Sikkim,Gangtok,"Zero Point GICI, Gangtok - SSPCB",,
21-09-2021 00:00,22-09-2021 00:00,,,,,,,Sikkim,Gangtok,"Zero Point GICI, Gangtok - SSPCB",,
22-09-2021 00:00,23-09-2021 00:00,,,,,,,Sikkim,Gangtok,"Zero Point GICI, Gangtok - SSPCB",,
23-09-2021 00:00,24-09-2021 00:00,,,,,,,Sikkim,Gangtok,"Zero Point GICI, Gangtok - SSPCB",,
24-09-2021 00:00,25-09-2021 00:00,,,,,,,Sikkim,Gangtok,"Zero Point GICI, Gangtok - SSPCB",,
25-09-2021 00:00,26-09-2021 00:00,,,,,,,Sikkim,Gangtok,"Zero Point GICI, Gangtok - SSPCB",,
26-09-2021 00:00,27-09-2021 00:00,,,,,,,Sikkim,Gangtok,"Zero Point GICI, Gangtok - SSPCB",,
27-09-2021 00:00,28-09-2021 00:00,,,,,,,Sikkim,Gangtok,"Zero Point GICI, Gangtok - SSPCB",,
28-09-2021 00:00,29-09-2021 00:00,,,,,,,Sikkim,Gangtok,"Zero Point GICI, Gangtok - SSPCB",,
29-09-2021 00:00,30-09-2021 00:00,,,,,,,Sikkim,Gangtok,"Zero Point GICI, Gangtok - SSPCB",,
30-09-2021 00:00,01-10-2021 00:00,,,,,,,Sikkim,Gangtok,"Zero Point GICI, Gangtok - SSPCB",,
01-10-2021 00:00,02-10-2021 00:00,,,,,,,Sikkim,Gangtok,"Zero Point GICI, Gangtok - SSPCB",,
02-10-2021 00:00,03-10-2021 00:00,,,,,,,Sikkim,Gangtok,"Zero Point GICI, Gangtok - SSPCB",,
03-10-2021 00:00,04-10-2021 00:00,,,,,,,Sikkim,Gangtok,"Zero Point GICI, Gangtok - SSPCB",,
04-10-2021 00:00,05-10-2021 00:00,,,,,,,Sikkim,Gangtok,"Zero Point GICI, Gangtok - SSPCB",,
05-10-2021 00:00,06-10-2021 00:00,,,,,,,Sikkim,Gangtok,"Zero Point GICI, Gangtok - SSPCB",,
06-10-2021 00:00,07-10-2021 00:00,,,,,,,Sikkim,Gangtok,"Zero Point GICI, Gangtok - SSPCB",,
07-10-2021 00:00,08-10-2021 00:00,,,,,,,Sikkim,Gangtok,"Zero Point GICI, Gangtok - SSPCB",,
08-10-2021 00:00,09-10-2021 00:00,,,,,,,Sikkim,Gangtok,"Zero Point GICI, Gangtok - SSPCB",,
09-10-2021 00:00,10-10-2021 00:00,,,,,,,Sikkim,Gangtok,"Zero Point GICI, Gangtok - SSPCB",,
10-10-2021 00:00,11-10-2021 00:00,,,,,,,Sikkim,Gangtok,"Zero Point GICI, Gangtok - SSPCB",,
11-10-2021 00:00,12-10-2021 00:00,,,,,,,Sikkim,Gangtok,"Zero Point GICI, Gangtok - SSPCB",,
12-10-2021 00:00,13-10-2021 00:00,,,,,,,Sikkim,Gangtok,"Zero Point GICI, Gangtok - SSPCB",,
13-10-2021 00:00,14-10-2021 00:00,,,,,,,Sikkim,Gangtok,"Zero Point GICI, Gangtok - SSPCB",,
14-10-2021 00:00,15-10-2021 00:00,,,,,,,Sikkim,Gangtok,"Zero Point GICI, Gangtok - SSPCB",,
15-10-2021 00:00,16-10-2021 00:00,,,,,,,Sikkim,Gangtok,"Zero Point GICI, Gangtok - SSPCB",,
16-10-2021 00:00,17-10-2021 00:00,,,,,,,Sikkim,Gangtok,"Zero Point GICI, Gangtok - SSPCB",,
17-10-2021 00:00,18-10-2021 00:00,,,,,,,Sikkim,Gangtok,"Zero Point GICI, Gangtok - SSPCB",,
18-10-2021 00:00,19-10-2021 00:00,,,,,,,Sikkim,Gangtok,"Zero Point GICI, Gangtok - SSPCB",,
19-10-2021 00:00,20-10-2021 00:00,,,,,,,Sikkim,Gangtok,"Zero Point GICI, Gangtok - SSPCB",,
20-10-2021 00:00,21-10-2021 00:00,,,,,,,Sikkim,Gangtok,"Zero Point GICI, Gangtok - SSPCB",,
21-10-2021 00:00,22-10-2021 00:00,,,,,,,Sikkim,Gangtok,"Zero Point GICI, Gangtok - SSPCB",,
22-10-2021 00:00,23-10-2021 00:00,,,,,,,Sikkim,Gangtok,"Zero Point GICI, Gangtok - SSPCB",,
23-10-2021 00:00,24-10-2021 00:00,,,,,,,Sikkim,Gangtok,"Zero Point GICI, Gangtok - SSPCB",,
24-10-2021 00:00,25-10-2021 00:00,,,,,,,Sikkim,Gangtok,"Zero Point GICI, Gangtok - SSPCB",,
25-10-2021 00:00,26-10-2021 00:00,,,,,,,Sikkim,Gangtok,"Zero Point GICI, Gangtok - SSPCB",,
26-10-2021 00:00,27-10-2021 00:00,,,,,,,Sikkim,Gangtok,"Zero Point GICI, Gangtok - SSPCB",,
27-10-2021 00:00,28-10-2021 00:00,,,,,,,Sikkim,Gangtok,"Zero Point GICI, Gangtok - SSPCB",,
28-10-2021 00:00,29-10-2021 00:00,,,,,,,Sikkim,Gangtok,"Zero Point GICI, Gangtok - SSPCB",,
29-10-2021 00:00,30-10-2021 00:00,,,,,,,Sikkim,Gangtok,"Zero Point GICI, Gangtok - SSPCB",,
30-10-2021 00:00,31-10-2021 00:00,,,,,,,Sikkim,Gangtok,"Zero Point GICI, Gangtok - SSPCB",,
31-10-2021 00:00,01-11-2021 00:00,,,,,,,Sikkim,Gangtok,"Zero Point GICI, Gangtok - SSPCB",,
01-11-2021 00:00,02-11-2021 00:00,,,,,,,Sikkim,Gangtok,"Zero Point GICI, Gangtok - SSPCB",,
02-11-2021 00:00,03-11-2021 00:00,,,,,,,Sikkim,Gangtok,"Zero Point GICI, Gangtok - SSPCB",,
03-11-2021 00:00,04-11-2021 00:00,,,,,,,Sikkim,Gangtok,"Zero Point GICI, Gangtok - SSPCB",,
04-11-2021 00:00,05-11-2021 00:00,,,,,,,Sikkim,Gangtok,"Zero Point GICI, Gangtok - SSPCB",,
05-11-2021 00:00,06-11-2021 00:00,,,,,,,Sikkim,Gangtok,"Zero Point GICI, Gangtok - SSPCB",,
06-11-2021 00:00,07-11-2021 00:00,,,,,,,Sikkim,Gangtok,"Zero Point GICI, Gangtok - SSPCB",,
07-11-2021 00:00,08-11-2021 00:00,,,,,,,Sikkim,Gangtok,"Zero Point GICI, Gangtok - SSPCB",,
08-11-2021 00:00,09-11-2021 00:00,,,,,,,Sikkim,Gangtok,"Zero Point GICI, Gangtok - SSPCB",,
09-11-2021 00:00,10-11-2021 00:00,,,,,,,Sikkim,Gangtok,"Zero Point GICI, Gangtok - SSPCB",,
10-11-2021 00:00,11-11-2021 00:00,,,,,,,Sikkim,Gangtok,"Zero Point GICI, Gangtok - SSPCB",,
11-11-2021 00:00,12-11-2021 00:00,,,,,,,Sikkim,Gangtok,"Zero Point GICI, Gangtok - SSPCB",,
12-11-2021 00:00,13-11-2021 00:00,,,,,,,Sikkim,Gangtok,"Zero Point GICI, Gangtok - SSPCB",,
13-11-2021 00:00,14-11-2021 00:00,,,,,,,Sikkim,Gangtok,"Zero Point GICI, Gangtok - SSPCB",,
14-11-2021 00:00,15-11-2021 00:00,,,,,,,Sikkim,Gangtok,"Zero Point GICI, Gangtok - SSPCB",,
15-11-2021 00:00,16-11-2021 00:00,,,,,,,Sikkim,Gangtok,"Zero Point GICI, Gangtok - SSPCB",,
16-11-2021 00:00,17-11-2021 00:00,,,,,,,Sikkim,Gangtok,"Zero Point GICI, Gangtok - SSPCB",,
17-11-2021 00:00,18-11-2021 00:00,,,,,,,Sikkim,Gangtok,"Zero Point GICI, Gangtok - SSPCB",,
18-11-2021 00:00,19-11-2021 00:00,,,,,,,Sikkim,Gangtok,"Zero Point GICI, Gangtok - SSPCB",,
19-11-2021 00:00,20-11-2021 00:00,,,,,,,Sikkim,Gangtok,"Zero Point GICI, Gangtok - SSPCB",,
20-11-2021 00:00,21-11-2021 00:00,,,,,,,Sikkim,Gangtok,"Zero Point GICI, Gangtok - SSPCB",,
21-11-2021 00:00,22-11-2021 00:00,,,,,,,Sikkim,Gangtok,"Zero Point GICI, Gangtok - SSPCB",,
22-11-2021 00:00,23-11-2021 00:00,,,,,,,Sikkim,Gangtok,"Zero Point GICI, Gangtok - SSPCB",,
23-11-2021 00:00,24-11-2021 00:00,,,,,,,Sikkim,Gangtok,"Zero Point GICI, Gangtok - SSPCB",,
24-11-2021 00:00,25-11-2021 00:00,,,,,,,Sikkim,Gangtok,"Zero Point GICI, Gangtok - SSPCB",,
25-11-2021 00:00,26-11-2021 00:00,,,,,,,Sikkim,Gangtok,"Zero Point GICI, Gangtok - SSPCB",,
26-11-2021 00:00,27-11-2021 00:00,,,,,,,Sikkim,Gangtok,"Zero Point GICI, Gangtok - SSPCB",,
27-11-2021 00:00,28-11-2021 00:00,,,,,,,Sikkim,Gangtok,"Zero Point GICI, Gangtok - SSPCB",,
28-11-2021 00:00,29-11-2021 00:00,,,,,,,Sikkim,Gangtok,"Zero Point GICI, Gangtok - SSPCB",,
29-11-2021 00:00,30-11-2021 00:00,,,,,,,Sikkim,Gangtok,"Zero Point GICI, Gangtok - SSPCB",,
30-11-2021 00:00,01-12-2021 00:00,,,,,,,Sikkim,Gangtok,"Zero Point GICI, Gangtok - SSPCB",,
01-12-2021 00:00,02-12-2021 00:00,,,,,,,Sikkim,Gangtok,"Zero Point GICI, Gangtok - SSPCB",,
02-12-2021 00:00,03-12-2021 00:00,,,,,,,Sikkim,Gangtok,"Zero Point GICI, Gangtok - SSPCB",,
03-12-2021 00:00,04-12-2021 00:00,,,,,,,Sikkim,Gangtok,"Zero Point GICI, Gangtok - SSPCB",,
04-12-2021 00:00,05-12-2021 00:00,,,,,,,Sikkim,Gangtok,"Zero Point GICI, Gangtok - SSPCB",,
05-12-2021 00:00,06-12-2021 00:00,,,,,,,Sikkim,Gangtok,"Zero Point GICI, Gangtok - SSPCB",,
06-12-2021 00:00,07-12-2021 00:00,,,,,,,Sikkim,Gangtok,"Zero Point GICI, Gangtok - SSPCB",,
07-12-2021 00:00,08-12-2021 00:00,,,,,,,Sikkim,Gangtok,"Zero Point GICI, Gangtok - SSPCB",,
08-12-2021 00:00,09-12-2021 00:00,,,,,,,Sikkim,Gangtok,"Zero Point GICI, Gangtok - SSPCB",,
09-12-2021 00:00,10-12-2021 00:00,,,,,,,Sikkim,Gangtok,"Zero Point GICI, Gangtok - SSPCB",,
10-12-2021 00:00,11-12-2021 00:00,,,,,,,Sikkim,Gangtok,"Zero Point GICI, Gangtok - SSPCB",,
11-12-2021 00:00,12-12-2021 00:00,,,,,,,Sikkim,Gangtok,"Zero Point GICI, Gangtok - SSPCB",,
12-12-2021 00:00,13-12-2021 00:00,,,,,,,Sikkim,Gangtok,"Zero Point GICI, Gangtok - SSPCB",,
13-12-2021 00:00,14-12-2021 00:00,,,,,,,Sikkim,Gangtok,"Zero Point GICI, Gangtok - SSPCB",,
14-12-2021 00:00,15-12-2021 00:00,,,,,,,Sikkim,Gangtok,"Zero Point GICI, Gangtok - SSPCB",,
15-12-2021 00:00,16-12-2021 00:00,,,,,,,Sikkim,Gangtok,"Zero Point GICI, Gangtok - SSPCB",,
16-12-2021 00:00,17-12-2021 00:00,,,,,,,Sikkim,Gangtok,"Zero Point GICI, Gangtok - SSPCB",,
17-12-2021 00:00,18-12-2021 00:00,,,,,,,Sikkim,Gangtok,"Zero Point GICI, Gangtok - SSPCB",,
18-12-2021 00:00,19-12-2021 00:00,,,,,,,Sikkim,Gangtok,"Zero Point GICI, Gangtok - SSPCB",,
19-12-2021 00:00,20-12-2021 00:00,,,,,,,Sikkim,Gangtok,"Zero Point GICI, Gangtok - SSPCB",,
20-12-2021 00:00,21-12-2021 00:00,,,,,,,Sikkim,Gangtok,"Zero Point GICI, Gangtok - SSPCB",,
21-12-2021 00:00,22-12-2021 00:00,,,,,,,Sikkim,Gangtok,"Zero Point GICI, Gangtok - SSPCB",,
22-12-2021 00:00,23-12-2021 00:00,,,,,,,Sikkim,Gangtok,"Zero Point GICI, Gangtok - SSPCB",,
23-12-2021 00:00,24-12-2021 00:00,,,,,,,Sikkim,Gangtok,"Zero Point GICI, Gangtok - SSPCB",,
24-12-2021 00:00,25-12-2021 00:00,,,,,,,Sikkim,Gangtok,"Zero Point GICI, Gangtok - SSPCB",,
25-12-2021 00:00,26-12-2021 00:00,,,,,,,Sikkim,Gangtok,"Zero Point GICI, Gangtok - SSPCB",,
26-12-2021 00:00,27-12-2021 00:00,,,,,,,Sikkim,Gangtok,"Zero Point GICI, Gangtok - SSPCB",,
27-12-2021 00:00,28-12-2021 00:00,,,,,,,Sikkim,Gangtok,"Zero Point GICI, Gangtok - SSPCB",,
28-12-2021 00:00,29-12-2021 00:00,,,,,,,Sikkim,Gangtok,"Zero Point GICI, Gangtok - SSPCB",,
29-12-2021 00:00,30-12-2021 00:00,,,,,,,Sikkim,Gangtok,"Zero Point GICI, Gangtok - SSPCB",,
30-12-2021 00:00,31-12-2021 00:00,,,,,,,Sikkim,Gangtok,"Zero Point GICI, Gangtok - SSPCB",,
31-12-2021 00:00,01-01-2022 00:00,,,,,,,Sikkim,Gangtok,"Zero Point GICI, Gangtok - SSPCB",,
01-01-2022 00:00,02-01-2022 00:00,,,,,,,Sikkim,Gangtok,"Zero Point GICI, Gangtok - SSPCB",,
02-01-2022 00:00,03-01-2022 00:00,,,,,,,Sikkim,Gangtok,"Zero Point GICI, Gangtok - SSPCB",,
03-01-2022 00:00,04-01-2022 00:00,,,,,,,Sikkim,Gangtok,"Zero Point GICI, Gangtok - SSPCB",,
04-01-2022 00:00,05-01-2022 00:00,,,,,,,Sikkim,Gangtok,"Zero Point GICI, Gangtok - SSPCB",,
05-01-2022 00:00,06-01-2022 00:00,,,,,,,Sikkim,Gangtok,"Zero Point GICI, Gangtok - SSPCB",,
06-01-2022 00:00,07-01-2022 00:00,,,,,,,Sikkim,Gangtok,"Zero Point GICI, Gangtok - SSPCB",,
07-01-2022 00:00,08-01-2022 00:00,,,,,,,Sikkim,Gangtok,"Zero Point GICI, Gangtok - SSPCB",,
08-01-2022 00:00,09-01-2022 00:00,,,,,,,Sikkim,Gangtok,"Zero Point GICI, Gangtok - SSPCB",,
09-01-2022 00:00,10-01-2022 00:00,,,,,,,Sikkim,Gangtok,"Zero Point GICI, Gangtok - SSPCB",,
10-01-2022 00:00,11-01-2022 00:00,,,,,,,Sikkim,Gangtok,"Zero Point GICI, Gangtok - SSPCB",,
11-01-2022 00:00,12-01-2022 00:00,,,,,,,Sikkim,Gangtok,"Zero Point GICI, Gangtok - SSPCB",,
12-01-2022 00:00,13-01-2022 00:00,,,,,,,Sikkim,Gangtok,"Zero Point GICI, Gangtok - SSPCB",,
13-01-2022 00:00,14-01-2022 00:00,,,,,,,Sikkim,Gangtok,"Zero Point GICI, Gangtok - SSPCB",,
14-01-2022 00:00,15-01-2022 00:00,,,,,,,Sikkim,Gangtok,"Zero Point GICI, Gangtok - SSPCB",,
15-01-2022 00:00,16-01-2022 00:00,,,,,,,Sikkim,Gangtok,"Zero Point GICI, Gangtok - SSPCB",,
16-01-2022 00:00,17-01-2022 00:00,,,,,,,Sikkim,Gangtok,"Zero Point GICI, Gangtok - SSPCB",,
17-01-2022 00:00,18-01-2022 00:00,,,,,,,Sikkim,Gangtok,"Zero Point GICI, Gangtok - SSPCB",,
18-01-2022 00:00,19-01-2022 00:00,,,,,,,Sikkim,Gangtok,"Zero Point GICI, Gangtok - SSPCB",,
19-01-2022 00:00,20-01-2022 00:00,,,,,,,Sikkim,Gangtok,"Zero Point GICI, Gangtok - SSPCB",,
20-01-2022 00:00,21-01-2022 00:00,,,,,,,Sikkim,Gangtok,"Zero Point GICI, Gangtok - SSPCB",,
21-01-2022 00:00,22-01-2022 00:00,,,,,,,Sikkim,Gangtok,"Zero Point GICI, Gangtok - SSPCB",,
22-01-2022 00:00,23-01-2022 00:00,,,,,,,Sikkim,Gangtok,"Zero Point GICI, Gangtok - SSPCB",,
23-01-2022 00:00,24-01-2022 00:00,,,,,,,Sikkim,Gangtok,"Zero Point GICI, Gangtok - SSPCB",,
24-01-2022 00:00,25-01-2022 00:00,,,,,,,Sikkim,Gangtok,"Zero Point GICI, Gangtok - SSPCB",,
25-01-2022 00:00,26-01-2022 00:00,,,,,,,Sikkim,Gangtok,"Zero Point GICI, Gangtok - SSPCB",,
26-01-2022 00:00,27-01-2022 00:00,,,,,,,Sikkim,Gangtok,"Zero Point GICI, Gangtok - SSPCB",,
27-01-2022 00:00,28-01-2022 00:00,,,,,,,Sikkim,Gangtok,"Zero Point GICI, Gangtok - SSPCB",,
28-01-2022 00:00,29-01-2022 00:00,,,,,,,Sikkim,Gangtok,"Zero Point GICI, Gangtok - SSPCB",,
29-01-2022 00:00,30-01-2022 00:00,,,,,,,Sikkim,Gangtok,"Zero Point GICI, Gangtok - SSPCB",,
30-01-2022 00:00,31-01-2022 00:00,,,,,,,Sikkim,Gangtok,"Zero Point GICI, Gangtok - SSPCB",,
31-01-2022 00:00,01-02-2022 00:00,,,,,,,Sikkim,Gangtok,"Zero Point GICI, Gangtok - SSPCB",,
01-02-2022 00:00,02-02-2022 00:00,,,,,,,Sikkim,Gangtok,"Zero Point GICI, Gangtok - SSPCB",,
02-02-2022 00:00,03-02-2022 00:00,,,,,,,Sikkim,Gangtok,"Zero Point GICI, Gangtok - SSPCB",,
03-02-2022 00:00,04-02-2022 00:00,,,,,,,Sikkim,Gangtok,"Zero Point GICI, Gangtok - SSPCB",,
04-02-2022 00:00,05-02-2022 00:00,,,,,,,Sikkim,Gangtok,"Zero Point GICI, Gangtok - SSPCB",,
05-02-2022 00:00,06-02-2022 00:00,,,,,,,Sikkim,Gangtok,"Zero Point GICI, Gangtok - SSPCB",,
06-02-2022 00:00,07-02-2022 00:00,,,,,,,Sikkim,Gangtok,"Zero Point GICI, Gangtok - SSPCB",,
07-02-2022 00:00,08-02-2022 00:00,,,,,,,Sikkim,Gangtok,"Zero Point GICI, Gangtok - SSPCB",,
08-02-2022 00:00,09-02-2022 00:00,,,,,,,Sikkim,Gangtok,"Zero Point GICI, Gangtok - SSPCB",,
09-02-2022 00:00,10-02-2022 00:00,,,,,,,Sikkim,Gangtok,"Zero Point GICI, Gangtok - SSPCB",,
10-02-2022 00:00,11-02-2022 00:00,,,,,,,Sikkim,Gangtok,"Zero Point GICI, Gangtok - SSPCB",,
11-02-2022 00:00,12-02-2022 00:00,,,,,,,Sikkim,Gangtok,"Zero Point GICI, Gangtok - SSPCB",,
12-02-2022 00:00,13-02-2022 00:00,,,,,,,Sikkim,Gangtok,"Zero Point GICI, Gangtok - SSPCB",,
13-02-2022 00:00,14-02-2022 00:00,,,,,,,Sikkim,Gangtok,"Zero Point GICI, Gangtok - SSPCB",,
14-02-2022 00:00,15-02-2022 00:00,,,,,,,Sikkim,Gangtok,"Zero Point GICI, Gangtok - SSPCB",,
15-02-2022 00:00,16-02-2022 00:00,,,,,,,Sikkim,Gangtok,"Zero Point GICI, Gangtok - SSPCB",,
16-02-2022 00:00,17-02-2022 00:00,,,,,,,Sikkim,Gangtok,"Zero Point GICI, Gangtok - SSPCB",,
17-02-2022 00:00,18-02-2022 00:00,,,,,,,Sikkim,Gangtok,"Zero Point GICI, Gangtok - SSPCB",,
18-02-2022 00:00,19-02-2022 00:00,,,,,,,Sikkim,Gangtok,"Zero Point GICI, Gangtok - SSPCB",,
19-02-2022 00:00,20-02-2022 00:00,,,,,,,Sikkim,Gangtok,"Zero Point GICI, Gangtok - SSPCB",,
20-02-2022 00:00,21-02-2022 00:00,,,,,,,Sikkim,Gangtok,"Zero Point GICI, Gangtok - SSPCB",,
21-02-2022 00:00,22-02-2022 00:00,,,,,,,Sikkim,Gangtok,"Zero Point GICI, Gangtok - SSPCB",,
22-02-2022 00:00,23-02-2022 00:00,,,,,,,Sikkim,Gangtok,"Zero Point GICI, Gangtok - SSPCB",,
23-02-2022 00:00,24-02-2022 00:00,,,,,,,Sikkim,Gangtok,"Zero Point GICI, Gangtok - SSPCB",,
24-02-2022 00:00,25-02-2022 00:00,,,,,,,Sikkim,Gangtok,"Zero Point GICI, Gangtok - SSPCB",,
25-02-2022 00:00,26-02-2022 00:00,,,,,,,Sikkim,Gangtok,"Zero Point GICI, Gangtok - SSPCB",,
26-02-2022 00:00,27-02-2022 00:00,,,,,,,Sikkim,Gangtok,"Zero Point GICI, Gangtok - SSPCB",,
27-02-2022 00:00,28-02-2022 00:00,,,,,,,Sikkim,Gangtok,"Zero Point GICI, Gangtok - SSPCB",,
28-02-2022 00:00,01-03-2022 00:00,,,,,,,Sikkim,Gangtok,"Zero Point GICI, Gangtok - SSPCB",,
01-03-2022 00:00,02-03-2022 00:00,,,,,,,Sikkim,Gangtok,"Zero Point GICI, Gangtok - SSPCB",,
02-03-2022 00:00,03-03-2022 00:00,,,,,,,Sikkim,Gangtok,"Zero Point GICI, Gangtok - SSPCB",,
03-03-2022 00:00,04-03-2022 00:00,,,,,,,Sikkim,Gangtok,"Zero Point GICI, Gangtok - SSPCB",,
04-03-2022 00:00,05-03-2022 00:00,,,,,,,Sikkim,Gangtok,"Zero Point GICI, Gangtok - SSPCB",,
05-03-2022 00:00,06-03-2022 00:00,,,,,,,Sikkim,Gangtok,"Zero Point GICI, Gangtok - SSPCB",,
06-03-2022 00:00,07-03-2022 00:00,,,,,,,Sikkim,Gangtok,"Zero Point GICI, Gangtok - SSPCB",,
07-03-2022 00:00,08-03-2022 00:00,,,,,,,Sikkim,Gangtok,"Zero Point GICI, Gangtok - SSPCB",,
08-03-2022 00:00,09-03-2022 00:00,,,,,,,Sikkim,Gangtok,"Zero Point GICI, Gangtok - SSPCB",,
09-03-2022 00:00,10-03-2022 00:00,,,,,,,Sikkim,Gangtok,"Zero Point GICI, Gangtok - SSPCB",,
10-03-2022 00:00,11-03-2022 00:00,,,,,,,Sikkim,Gangtok,"Zero Point GICI, Gangtok - SSPCB",,
11-03-2022 00:00,12-03-2022 00:00,,,,,,,Sikkim,Gangtok,"Zero Point GICI, Gangtok - SSPCB",,
12-03-2022 00:00,13-03-2022 00:00,,,,,,,Sikkim,Gangtok,"Zero Point GICI, Gangtok - SSPCB",,
13-03-2022 00:00,14-03-2022 00:00,,,,,,,Sikkim,Gangtok,"Zero Point GICI, Gangtok - SSPCB",,
14-03-2022 00:00,15-03-2022 00:00,,,,,,,Sikkim,Gangtok,"Zero Point GICI, Gangtok - SSPCB",,
15-03-2022 00:00,16-03-2022 00:00,,,,,,,Sikkim,Gangtok,"Zero Point GICI, Gangtok - SSPCB",,
16-03-2022 00:00,17-03-2022 00:00,,,,,,,Sikkim,Gangtok,"Zero Point GICI, Gangtok - SSPCB",,
17-03-2022 00:00,18-03-2022 00:00,,,,,,,Sikkim,Gangtok,"Zero Point GICI, Gangtok - SSPCB",,
18-03-2022 00:00,19-03-2022 00:00,,,,,,,Sikkim,Gangtok,"Zero Point GICI, Gangtok - SSPCB",,
19-03-2022 00:00,20-03-2022 00:00,,,,,,,Sikkim,Gangtok,"Zero Point GICI, Gangtok - SSPCB",,
20-03-2022 00:00,21-03-2022 00:00,,,,,,,Sikkim,Gangtok,"Zero Point GICI, Gangtok - SSPCB",,
21-03-2022 00:00,22-03-2022 00:00,,,,,,,Sikkim,Gangtok,"Zero Point GICI, Gangtok - SSPCB",,
22-03-2022 00:00,23-03-2022 00:00,,,,,,,Sikkim,Gangtok,"Zero Point GICI, Gangtok - SSPCB",,
23-03-2022 00:00,24-03-2022 00:00,,,,,,,Sikkim,Gangtok,"Zero Point GICI, Gangtok - SSPCB",,
24-03-2022 00:00,25-03-2022 00:00,,,,,,,Sikkim,Gangtok,"Zero Point GICI, Gangtok - SSPCB",,
25-03-2022 00:00,26-03-2022 00:00,,,,,,,Sikkim,Gangtok,"Zero Point GICI, Gangtok - SSPCB",,
26-03-2022 00:00,27-03-2022 00:00,,,,,,,Sikkim,Gangtok,"Zero Point GICI, Gangtok - SSPCB",,
27-03-2022 00:00,28-03-2022 00:00,,,,,,,Sikkim,Gangtok,"Zero Point GICI, Gangtok - SSPCB",,
28-03-2022 00:00,29-03-2022 00:00,,,,,,,Sikkim,Gangtok,"Zero Point GICI, Gangtok - SSPCB",,
29-03-2022 00:00,30-03-2022 00:00,,,,,,,Sikkim,Gangtok,"Zero Point GICI, Gangtok - SSPCB",,
30-03-2022 00:00,31-03-2022 00:00,,,,,,,Sikkim,Gangtok,"Zero Point GICI, Gangtok - SSPCB",,
31-03-2022 00:00,01-04-2022 00:00,,,,,,,Sikkim,Gangtok,"Zero Point GICI, Gangtok - SSPCB",,
01-04-2022 00:00,02-04-2022 00:00,,,,,,,Sikkim,Gangtok,"Zero Point GICI, Gangtok - SSPCB",,
02-04-2022 00:00,03-04-2022 00:00,,,,,,,Sikkim,Gangtok,"Zero Point GICI, Gangtok - SSPCB",,
03-04-2022 00:00,04-04-2022 00:00,,,,,,,Sikkim,Gangtok,"Zero Point GICI, Gangtok - SSPCB",,
04-04-2022 00:00,05-04-2022 00:00,,,,,,,Sikkim,Gangtok,"Zero Point GICI, Gangtok - SSPCB",,
05-04-2022 00:00,06-04-2022 00:00,,,,,,,Sikkim,Gangtok,"Zero Point GICI, Gangtok - SSPCB",,
06-04-2022 00:00,07-04-2022 00:00,58.76,0.45,4.16,17.96,42.52,18.02,Sikkim,Gangtok,"Zero Point GICI, Gangtok - SSPCB",59.0,Moderate
07-04-2022 00:00,08-04-2022 00:00,81.23,0.36,4.11,11.08,30.73,17.05,Sikkim,Gangtok,"Zero Point GICI, Gangtok - SSPCB",81.0,Moderate
08-04-2022 00:00,09-04-2022 00:00,71.71,0.36,3.82,15.77,1.78,,Sikkim,Gangtok,"Zero Point GICI, Gangtok - SSPCB",72.0,Moderate
09-04-2022 00:00,10-04-2022 00:00,,,,,,,Sikkim,Gangtok,"Zero Point GICI, Gangtok - SSPCB",,
10-04-2022 00:00,11-04-2022 00:00,,,,,,,Sikkim,Gangtok,"Zero Point GICI, Gangtok - SSPCB",,
11-04-2022 00:00,12-04-2022 00:00,58.84,0.37,4.24,12.43,,,Sikkim,Gangtok,"Zero Point GICI, Gangtok - SSPCB",59.0,Moderate
12-04-2022 00:00,13-04-2022 00:00,56.67,0.35,4.44,8.64,18.18,5.73,Sikkim,Gangtok,"Zero Point GICI, Gangtok - SSPCB",57.0,Moderate
13-04-2022 00:00,14-04-2022 00:00,51.54,0.38,4.37,12.1,3.22,2.15,Sikkim,Gangtok,"Zero Point GICI, Gangtok - SSPCB",52.0,Moderate
14-04-2022 00:00,15-04-2022 00:00,72.41,0.33,4.57,7.14,39.9,12.46,Sikkim,Gangtok,"Zero Point GICI, Gangtok - SSPCB",72.0,Moderate
15-04-2022 00:00,16-04-2022 00:00,77.13,0.32,4.74,8.68,65.3,16.48,Sikkim,Gangtok,"Zero Point GICI, Gangtok - SSPCB",77.0,Moderate
16-04-2022 00:00,17-04-2022 00:00,90.84,0.35,4.72,4.43,91.54,24.58,Sikkim,Gangtok,"Zero Point GICI, Gangtok - SSPCB",92.0,Moderate
17-04-2022 00:00,18-04-2022 00:00,,,,,,,Sikkim,Gangtok,"Zero Point GICI, Gangtok - SSPCB",,
18-04-2022 00:00,19-04-2022 00:00,78.29,0.38,4.99,10.36,,25.75,Sikkim,Gangtok,"Zero Point GICI, Gangtok - SSPCB",78.0,Moderate
19-04-2022 00:00,20-04-2022 00:00,49.6,0.4,4.46,12.16,43.81,,Sikkim,Gangtok,"Zero Point GICI, Gangtok - SSPCB",50.0,Good
20-04-2022 00:00,21-04-2022 00:00,51.43,0.33,4.37,9.89,21.14,,Sikkim,Gangtok,"Zero Point GICI, Gangtok - SSPCB",51.0,Moderate
21-04-2022 00:00,22-04-2022 00:00,56.92,0.27,4.69,8.27,8.73,2.0,Sikkim,Gangtok,"Zero Point GICI, Gangtok - SSPCB",57.0,Moderate
22-04-2022 00:00,23-04-2022 00:00,75.39,0.29,4.66,9.36,19.97,3.77,Sikkim,Gangtok,"Zero Point GICI, Gangtok - SSPCB",75.0,Moderate
23-04-2022 00:00,24-04-2022 00:00,71.85,0.2,4.17,5.42,,2.0,Sikkim,Gangtok,"Zero Point GICI, Gangtok - SSPCB",72.0,Moderate
24-04-2022 00:00,25-04-2022 00:00,80.32,0.44,5.14,10.43,,,Sikkim,Gangtok,"Zero Point GICI, Gangtok - SSPCB",80.0,Moderate
25-04-2022 00:00,26-04-2022 00:00,89.68,0.46,5.28,9.19,,,Sikkim,Gangtok,"Zero Point GICI, Gangtok - SSPCB",90.0,Moderate
26-04-2022 00:00,27-04-2022 00:00,104.36,0.41,5.36,10.57,,,Sikkim,Gangtok,"Zero Point GICI, Gangtok - SSPCB",106.0,Moderate
27-04-2022 00:00,28-04-2022 00:00,74.54,0.35,4.81,8.14,39.16,,Sikkim,Gangtok,"Zero Point GICI, Gangtok - SSPCB",75.0,Moderate
28-04-2022 00:00,29-04-2022 00:00,48.52,0.38,5.01,6.2,,,Sikkim,Gangtok,"Zero Point GICI, Gangtok - SSPCB",49.0,Good
29-04-2022 00:00,30-04-2022 00:00,39.15,0.39,4.87,7.35,31.87,12.92,Sikkim,Gangtok,"Zero Point GICI, Gangtok - SSPCB",39.0,Good
30-04-2022 00:00,01-05-2022 00:00,44.5,0.32,4.62,8.05,6.49,2.44,Sikkim,Gangtok,"Zero Point GICI, Gangtok - SSPCB",44.0,Good
01-05-2022 00:00,02-05-2022 00:00,48.15,0.28,4.77,6.73,8.26,2.4,Sikkim,Gangtok,"Zero Point GICI, Gangtok - SSPCB",48.0,Good
02-05-2022 00:00,03-05-2022 00:00,44.89,0.3,4.66,9.2,7.17,2.0,Sikkim,Gangtok,"Zero Point GICI, Gangtok - SSPCB",45.0,Good
03-05-2022 00:00,04-05-2022 00:00,37.78,0.27,4.53,7.66,,2.0,Sikkim,Gangtok,"Zero Point GICI, Gangtok - SSPCB",38.0,Good
04-05-2022 00:00,05-05-2022 00:00,46.63,0.27,4.79,6.68,,2.0,Sikkim,Gangtok,"Zero Point GICI, Gangtok - SSPCB",47.0,Good
05-05-2022 00:00,06-05-2022 00:00,41.55,0.27,4.88,6.97,12.92,2.39,Sikkim,Gangtok,"Zero Point GICI, Gangtok - SSPCB",42.0,Good
06-05-2022 00:00,07-05-2022 00:00,33.85,0.25,5.03,6.41,,16.46,Sikkim,Gangtok,"Zero Point GICI, Gangtok - SSPCB",34.0,Good
07-05-2022 00:00,08-05-2022 00:00,26.61,0.33,4.95,5.73,,35.16,Sikkim,Gangtok,"Zero Point GICI, Gangtok - SSPCB",58.0,Moderate
08-05-2022 00:00,09-05-2022 00:00,28.53,0.25,5.25,4.54,8.93,38.6,Sikkim,Gangtok,"Zero Point GICI, Gangtok - SSPCB",64.0,Moderate
09-05-2022 00:00,10-05-2022 00:00,35.31,0.26,5.73,5.54,19.74,42.43,Sikkim,Gangtok,"Zero Point GICI, Gangtok - SSPCB",70.0,Moderate
10-05-2022 00:00,11-05-2022 00:00,35.57,0.27,5.97,5.08,,,Sikkim,Gangtok,"Zero Point GICI, Gangtok - SSPCB",36.0,Good
11-05-2022 00:00,12-05-2022 00:00,41.33,0.25,5.7,5.63,,43.99,Sikkim,Gangtok,"Zero Point GICI, Gangtok - SSPCB",73.0,Moderate
12-05-2022 00:00,13-05-2022 00:00,33.73,0.24,5.64,5.62,26.6,27.96,Sikkim,Gangtok,"Zero Point GICI, Gangtok - SSPCB",47.0,Good
13-05-2022 00:00,14-05-2022 00:00,28.06,0.3,5.53,5.55,16.56,8.66,Sikkim,Gangtok,"Zero Point GICI, Gangtok - SSPCB",28.0,Good
14-05-2022 00:00,15-05-2022 00:00,28.98,0.31,5.56,5.26,29.69,12.36,Sikkim,Gangtok,"Zero Point GICI, Gangtok - SSPCB",30.0,Good
15-05-2022 00:00,16-05-2022 00:00,27.75,0.35,5.68,5.01,39.53,20.02,Sikkim,Gangtok,"Zero Point GICI, Gangtok - SSPCB",40.0,Good
16-05-2022 00:00,17-05-2022 00:00,26.34,0.41,5.5,5.6,26.62,16.28,Sikkim,Gangtok,"Zero Point GICI, Gangtok - SSPCB",27.0,Good
17-05-2022 00:00,18-05-2022 00:00,32.34,0.33,5.65,5.94,28.02,12.48,Sikkim,Gangtok,"Zero Point GICI, Gangtok - SSPCB",32.0,Good
18-05-2022 00:00,19-05-2022 00:00,33.94,0.27,5.76,6.15,43.07,14.29,Sikkim,Gangtok,"Zero Point GICI, Gangtok - SSPCB",43.0,Good
19-05-2022 00:00,20-05-2022 00:00,27.89,0.31,5.48,7.06,33.23,11.87,Sikkim,Gangtok,"Zero Point GICI, Gangtok - SSPCB",33.0,Good
20-05-2022 00:00,21-05-2022 00:00,34.16,0.29,5.61,6.08,37.78,15.98,Sikkim,Gangtok,"Zero Point GICI, Gangtok - SSPCB",38.0,Good
21-05-2022 00:00,22-05-2022 00:00,28.13,0.32,5.41,7.73,16.78,6.7,Sikkim,Gangtok,"Zero Point GICI, Gangtok - SSPCB",28.0,Good
22-05-2022 00:00,23-05-2022 00:00,26.02,0.26,5.4,1.85,,,Sikkim,Gangtok,"Zero Point GICI, Gangtok - SSPCB",26.0,Good
23-05-2022 00:00,24-05-2022 00:00,25.82,0.24,5.92,2.88,33.63,10.39,Sikkim,Gangtok,"Zero Point GICI, Gangtok - SSPCB",34.0,Good
24-05-2022 00:00,25-05-2022 00:00,24.96,0.25,6.47,3.3,38.16,7.58,Sikkim,Gangtok,"Zero Point GICI, Gangtok - SSPCB",38.0,Good
25-05-2022 00:00,26-05-2022 00:00,12.92,0.35,6.71,6.59,34.92,,Sikkim,Gangtok,"Zero Point GICI, Gangtok - SSPCB",35.0,Good
26-05-2022 00:00,27-05-2022 00:00,16.96,0.28,6.31,4.71,13.06,4.33,Sikkim,Gangtok,"Zero Point GICI, Gangtok - SSPCB",17.0,Good
27-05-2022 00:00,28-05-2022 00:00,21.07,0.28,6.24,4.34,15.74,5.15,Sikkim,Gangtok,"Zero Point GICI, Gangtok - SSPCB",21.0,Good
28-05-2022 00:00,29-05-2022 00:00,26.18,0.27,6.48,2.43,18.85,6.08,Sikkim,Gangtok,"Zero Point GICI, Gangtok - SSPCB",26.0,Good
29-05-2022 00:00,30-05-2022 00:00,24.07,0.31,6.71,2.01,27.19,12.3,Sikkim,Gangtok,"Zero Point GICI, Gangtok - SSPCB",27.0,Good
30-05-2022 00:00,31-05-2022 00:00,17.39,0.33,6.57,3.85,19.81,8.47,Sikkim,Gangtok,"Zero Point GICI, Gangtok - SSPCB",20.0,Good
31-05-2022 00:00,01-06-2022 00:00,11.53,0.38,6.5,3.91,,,Sikkim,Gangtok,"Zero Point GICI, Gangtok - SSPCB",19.0,Good
01-06-2022 00:00,02-06-2022 00:00,19.95,0.28,6.86,2.14,18.71,7.18,Sikkim,Gangtok,"Zero Point GICI, Gangtok - SSPCB",20.0,Good
02-06-2022 00:00,03-06-2022 00:00,17.07,0.33,6.55,3.82,16.42,9.14,Sikkim,Gangtok,"Zero Point GICI, Gangtok - SSPCB",17.0,Good
03-06-2022 00:00,04-06-2022 00:00,22.71,0.31,6.74,2.91,25.62,10.8,Sikkim,Gangtok,"Zero Point GICI, Gangtok - SSPCB",26.0,Good
04-06-2022 00:00,05-06-2022 00:00,18.72,0.32,6.65,1.49,26.64,14.44,Sikkim,Gangtok,"Zero Point GICI, Gangtok - SSPCB",27.0,Good
05-06-2022 00:00,06-06-2022 00:00,20.89,0.33,6.55,2.08,13.92,9.29,Sikkim,Gangtok,"Zero Point GICI, Gangtok - SSPCB",21.0,Good
06-06-2022 00:00,07-06-2022 00:00,25.04,0.38,6.77,3.33,44.0,23.77,Sikkim,Gangtok,"Zero Point GICI, Gangtok - SSPCB",44.0,Good
07-06-2022 00:00,08-06-2022 00:00,18.93,0.38,6.69,3.18,28.64,13.85,Sikkim,Gangtok,"Zero Point GICI, Gangtok - SSPCB",29.0,Good
08-06-2022 00:00,09-06-2022 00:00,16.95,0.37,6.65,3.55,21.51,9.55,Sikkim,Gangtok,"Zero Point GICI, Gangtok - SSPCB",22.0,Good
09-06-2022 00:00,10-06-2022 00:00,18.9,0.39,6.58,3.82,25.27,13.02,Sikkim,Gangtok,"Zero Point GICI, Gangtok - SSPCB",25.0,Good
10-06-2022 00:00,11-06-2022 00:00,18.88,0.36,6.46,3.04,,,Sikkim,Gangtok,"Zero Point GICI, Gangtok - SSPCB",19.0,Good
11-06-2022 00:00,12-06-2022 00:00,24.4,0.33,6.96,1.44,49.09,20.26,Sikkim,Gangtok,"Zero Point GICI, Gangtok - SSPCB",49.0,Good
12-06-2022 00:00,13-06-2022 00:00,22.25,0.32,7.04,1.46,29.12,11.66,Sikkim,Gangtok,"Zero Point GICI, Gangtok - SSPCB",29.0,Good
13-06-2022 00:00,14-06-2022 00:00,27.4,0.31,7.2,1.77,29.71,9.98,Sikkim,Gangtok,"Zero Point GICI, Gangtok - SSPCB",30.0,Good
14-06-2022 00:00,15-06-2022 00:00,17.21,0.35,7.0,1.73,12.61,5.45,Sikkim,Gangtok,"Zero Point GICI, Gangtok - SSPCB",18.0,Good
15-06-2022 00:00,16-06-2022 00:00,18.93,0.39,6.58,4.64,55.96,23.26,Sikkim,Gangtok,"Zero Point GICI, Gangtok - SSPCB",56.0,Moderate
16-06-2022 00:00,17-06-2022 00:00,22.81,0.33,6.71,3.17,18.36,9.02,Sikkim,Gangtok,"Zero Point GICI, Gangtok - SSPCB",23.0,Good
17-06-2022 00:00,18-06-2022 00:00,14.8,0.34,6.62,4.2,14.44,6.29,Sikkim,Gangtok,"Zero Point GICI, Gangtok - SSPCB",17.0,Good
18-06-2022 00:00,19-06-2022 00:00,17.65,0.28,6.64,2.02,8.63,3.08,Sikkim,Gangtok,"Zero Point GICI, Gangtok - SSPCB",18.0,Good
19-06-2022 00:00,20-06-2022 00:00,17.4,0.26,6.8,1.56,12.66,3.62,Sikkim,Gangtok,"Zero Point GICI, Gangtok - SSPCB",17.0,Good
20-06-2022 00:00,21-06-2022 00:00,20.09,0.25,6.99,2.38,16.09,5.57,Sikkim,Gangtok,"Zero Point GICI, Gangtok - SSPCB",20.0,Good
21-06-2022 00:00,22-06-2022 00:00,20.16,0.25,7.06,2.08,10.13,2.45,Sikkim,Gangtok,"Zero Point GICI, Gangtok - SSPCB",20.0,Good
22-06-2022 00:00,23-06-2022 00:00,19.67,0.22,7.39,1.74,8.62,2.83,Sikkim,Gangtok,"Zero Point GICI, Gangtok - SSPCB",20.0,Good
23-06-2022 00:00,24-06-2022 00:00,17.83,0.22,7.62,1.47,14.62,8.76,Sikkim,Gangtok,"Zero Point GICI, Gangtok - SSPCB",18.0,Good
24-06-2022 00:00,25-06-2022 00:00,24.77,0.22,7.33,2.46,10.22,3.24,Sikkim,Gangtok,"Zero Point GICI, Gangtok - SSPCB",25.0,Good
25-06-2022 00:00,26-06-2022 00:00,16.8,0.15,7.5,0.88,,2.2,Sikkim,Gangtok,"Zero Point GICI, Gangtok - SSPCB",17.0,Good
26-06-2022 00:00,27-06-2022 00:00,14.39,0.17,7.44,0.73,,2.0,Sikkim,Gangtok,"Zero Point GICI, Gangtok - SSPCB",14.0,Good
27-06-2022 00:00,28-06-2022 00:00,14.51,0.17,7.54,1.3,,2.41,Sikkim,Gangtok,"Zero Point GICI, Gangtok - SSPCB",15.0,Good
28-06-2022 00:00,29-06-2022 00:00,12.61,0.21,7.49,1.98,,2.0,Sikkim,Gangtok,"Zero Point GICI, Gangtok - SSPCB",13.0,Good
29-06-2022 00:00,30-06-2022 00:00,12.75,0.2,7.56,1.62,,2.0,Sikkim,Gangtok,"Zero Point GICI, Gangtok - SSPCB",13.0,Good
30-06-2022 00:00,01-07-2022 00:00,14.16,0.19,7.82,1.2,,,Sikkim,Gangtok,"Zero Point GICI, Gangtok - SSPCB",14.0,Good
01-07-2022 00:00,02-07-2022 00:00,19.77,0.2,8.07,1.83,,,Sikkim,Gangtok,"Zero Point GICI, Gangtok - SSPCB",20.0,Good
02-07-2022 00:00,03-07-2022 00:00,14.47,0.19,8.18,0.9,,,Sikkim,Gangtok,"Zero Point GICI, Gangtok - SSPCB",14.0,Good
03-07-2022 00:00,04-07-2022 00:00,12.95,0.19,8.24,0.75,,,Sikkim,Gangtok,"Zero Point GICI, Gangtok - SSPCB",13.0,Good
04-07-2022 00:00,05-07-2022 00:00,11.88,0.22,8.48,1.27,,,Sikkim,Gangtok,"Zero Point GICI, Gangtok - SSPCB",12.0,Good
05-07-2022 00:00,06-07-2022 00:00,10.95,0.24,8.56,1.52,,,Sikkim,Gangtok,"Zero Point GICI, Gangtok - SSPCB",12.0,Good
06-07-2022 00:00,07-07-2022 00:00,14.13,0.22,8.86,0.84,,,Sikkim,Gangtok,"Zero Point GICI, Gangtok - SSPCB",14.0,Good
07-07-2022 00:00,08-07-2022 00:00,25.2,0.18,9.07,1.22,10.64,5.02,Sikkim,Gangtok,"Zero Point GICI, Gangtok - SSPCB",25.0,Good
08-07-2022 00:00,09-07-2022 00:00,11.83,0.23,8.58,2.32,9.24,4.31,Sikkim,Gangtok,"Zero Point GICI, Gangtok - SSPCB",12.0,Good
09-07-2022 00:00,10-07-2022 00:00,13.51,0.18,8.04,0.77,,,Sikkim,Gangtok,"Zero Point GICI, Gangtok - SSPCB",14.0,Good
10-07-2022 00:00,11-07-2022 00:00,14.24,0.2,8.33,1.18,,,Sikkim,Gangtok,"Zero Point GICI, Gangtok - SSPCB",14.0,Good
11-07-2022 00:00,12-07-2022 00:00,13.18,0.22,8.33,1.44,,,Sikkim,Gangtok,"Zero Point GICI, Gangtok - SSPCB",13.0,Good
12-07-2022 00:00,13-07-2022 00:00,13.13,0.21,8.51,1.69,,,Sikkim,Gangtok,"Zero Point GICI, Gangtok - SSPCB",13.0,Good
13-07-2022 00:00,14-07-2022 00:00,13.03,0.16,8.58,0.75,7.86,4.51,Sikkim,Gangtok,"Zero Point GICI, Gangtok - SSPCB",13.0,Good
14-07-2022 00:00,15-07-2022 00:00,10.35,0.17,8.42,1.36,7.78,2.83,Sikkim,Gangtok,"Zero Point GICI, Gangtok - SSPCB",11.0,Good
15-07-2022 00:00,16-07-2022 00:00,11.34,0.17,8.39,1.77,9.64,2.94,Sikkim,Gangtok,"Zero Point GICI, Gangtok - SSPCB",11.0,Good
16-07-2022 00:00,17-07-2022 00:00,12.45,0.17,8.67,0.39,11.06,6.43,Sikkim,Gangtok,"Zero Point GICI, Gangtok - SSPCB",12.0,Good
17-07-2022 00:00,18-07-2022 00:00,15.57,0.15,8.75,0.27,9.4,6.05,Sikkim,Gangtok,"Zero Point GICI, Gangtok - SSPCB",16.0,Good
18-07-2022 00:00,19-07-2022 00:00,14.6,0.16,8.77,1.08,11.48,5.91,Sikkim,Gangtok,"Zero Point GICI, Gangtok - SSPCB",15.0,Good
19-07-2022 00:00,20-07-2022 00:00,12.57,0.15,8.61,1.08,8.83,3.39,Sikkim,Gangtok,"Zero Point GICI, Gangtok - SSPCB",13.0,Good
20-07-2022 00:00,21-07-2022 00:00,10.88,0.19,8.75,1.38,11.92,5.98,Sikkim,Gangtok,"Zero Point GICI, Gangtok - SSPCB",12.0,Good
21-07-2022 00:00,22-07-2022 00:00,11.94,0.18,9.27,1.19,5.6,3.13,Sikkim,Gangtok,"Zero Point GICI, Gangtok - SSPCB",12.0,Good
22-07-2022 00:00,23-07-2022 00:00,11.23,0.15,9.12,0.66,6.81,2.31,Sikkim,Gangtok,"Zero Point GICI, Gangtok - SSPCB",11.0,Good
23-07-2022 00:00,24-07-2022 00:00,11.82,0.12,9.29,0.53,7.48,2.53,Sikkim,Gangtok,"Zero Point GICI, Gangtok - SSPCB",12.0,Good
24-07-2022 00:00,25-07-2022 00:00,9.51,0.16,9.22,0.54,9.78,3.45,Sikkim,Gangtok,"Zero Point GICI, Gangtok - SSPCB",12.0,Good
25-07-2022 00:00,26-07-2022 00:00,10.6,0.16,9.19,0.52,6.69,2.52,Sikkim,Gangtok,"Zero Point GICI, Gangtok - SSPCB",11.0,Good
26-07-2022 00:00,27-07-2022 00:00,14.03,0.14,9.22,0.8,7.26,2.78,Sikkim,Gangtok,"Zero Point GICI, Gangtok - SSPCB",14.0,Good
27-07-2022 00:00,28-07-2022 00:00,12.71,0.17,9.22,0.71,12.75,7.33,Sikkim,Gangtok,"Zero Point GICI, Gangtok - SSPCB",13.0,Good
28-07-2022 00:00,29-07-2022 00:00,12.28,0.19,9.43,0.91,13.21,8.05,Sikkim,Gangtok,"Zero Point GICI, Gangtok - SSPCB",13.0,Good
29-07-2022 00:00,30-07-2022 00:00,14.16,0.19,9.47,0.79,,3.36,Sikkim,Gangtok,"Zero Point GICI, Gangtok - SSPCB",14.0,Good
30-07-2022 00:00,31-07-2022 00:00,13.63,0.16,9.24,0.53,,5.49,Sikkim,Gangtok,"Zero Point GICI, Gangtok - SSPCB",14.0,Good
31-07-2022 00:00,01-08-2022 00:00,12.78,0.16,9.04,0.37,,3.91,Sikkim,Gangtok,"Zero Point GICI, Gangtok - SSPCB",13.0,Good
01-08-2022 00:00,02-08-2022 00:00,11.2,0.18,9.12,0.49,,2.7,Sikkim,Gangtok,"Zero Point GICI, Gangtok - SSPCB",11.0,Good
02-08-2022 00:00,03-08-2022 00:00,12.48,0.19,9.23,0.86,12.34,2.91,Sikkim,Gangtok,"Zero Point GICI, Gangtok - SSPCB",12.0,Good
03-08-2022 00:00,04-08-2022 00:00,11.92,0.18,9.32,1.35,9.99,5.7,Sikkim,Gangtok,"Zero Point GICI, Gangtok - SSPCB",12.0,Good
04-08-2022 00:00,05-08-2022 00:00,14.85,0.17,9.73,1.26,10.93,5.65,Sikkim,Gangtok,"Zero Point GICI, Gangtok - SSPCB",15.0,Good
05-08-2022 00:00,06-08-2022 00:00,17.32,0.17,10.09,0.89,15.59,8.23,Sikkim,Gangtok,"Zero Point GICI, Gangtok - SSPCB",17.0,Good
06-08-2022 00:00,07-08-2022 00:00,16.22,0.16,10.1,0.68,12.54,3.09,Sikkim,Gangtok,"Zero Point GICI, Gangtok - SSPCB",16.0,Good
07-08-2022 00:00,08-08-2022 00:00,12.46,0.16,10.35,0.38,9.4,3.04,Sikkim,Gangtok,"Zero Point GICI, Gangtok - SSPCB",13.0,Good
08-08-2022 00:00,09-08-2022 00:00,12.56,0.18,10.36,0.38,52.29,4.92,Sikkim,Gangtok,"Zero Point GICI, Gangtok - SSPCB",52.0,Moderate
09-08-2022 00:00,10-08-2022 00:00,13.89,0.18,10.03,0.82,,3.52,Sikkim,Gangtok,"Zero Point GICI, Gangtok - SSPCB",14.0,Good
10-08-2022 00:00,11-08-2022 00:00,11.36,0.16,9.2,1.23,,,Sikkim,Gangtok,"Zero Point GICI, Gangtok - SSPCB",12.0,Good
11-08-2022 00:00,12-08-2022 00:00,10.36,0.21,9.38,1.04,,,Sikkim,Gangtok,"Zero Point GICI, Gangtok - SSPCB",12.0,Good
12-08-2022 00:00,13-08-2022 00:00,14.0,0.2,9.97,0.87,,,Sikkim,Gangtok,"Zero Point GICI, Gangtok - SSPCB",14.0,Good
13-08-2022 00:00,14-08-2022 00:00,14.44,0.18,10.41,0.77,,,Sikkim,Gangtok,"Zero Point GICI, Gangtok - SSPCB",14.0,Good
14-08-2022 00:00,15-08-2022 00:00,11.62,0.14,9.56,0.83,,,Sikkim,Gangtok,"Zero Point GICI, Gangtok - SSPCB",12.0,Good
15-08-2022 00:00,16-08-2022 00:00,10.77,0.14,9.64,0.72,,,Sikkim,Gangtok,"Zero Point GICI, Gangtok - SSPCB",12.0,Good
16-08-2022 00:00,17-08-2022 00:00,13.28,0.15,10.41,0.64,,,Sikkim,Gangtok,"Zero Point GICI, Gangtok - SSPCB",13.0,Good
17-08-2022 00:00,18-08-2022 00:00,11.37,0.2,10.48,1.12,,,Sikkim,Gangtok,"Zero Point GICI, Gangtok - SSPCB",13.0,Good
18-08-2022 00:00,19-08-2022 00:00,13.24,0.2,10.67,1.32,,,Sikkim,Gangtok,"Zero Point GICI, Gangtok - SSPCB",13.0,Good
19-08-2022 00:00,20-08-2022 00:00,11.51,0.19,10.17,0.6,,,Sikkim,Gangtok,"Zero Point GICI, Gangtok - SSPCB",13.0,Good
20-08-2022 00:00,21-08-2022 00:00,11.41,0.18,10.11,0.46,,,Sikkim,Gangtok,"Zero Point GICI, Gangtok - SSPCB",13.0,Good
21-08-2022 00:00,22-08-2022 00:00,14.23,0.13,10.84,0.17,,,Sikkim,Gangtok,"Zero Point GICI, Gangtok - SSPCB",14.0,Good
22-08-2022 00:00,23-08-2022 00:00,13.08,0.18,10.56,1.85,,,Sikkim,Gangtok,"Zero Point GICI, Gangtok - SSPCB",13.0,Good
23-08-2022 00:00,24-08-2022 00:00,10.0,0.19,10.47,2.24,8.81,4.74,Sikkim,Gangtok,"Zero Point GICI, Gangtok - SSPCB",13.0,Good
24-08-2022 00:00,25-08-2022 00:00,14.98,0.17,10.83,1.32,8.54,5.13,Sikkim,Gangtok,"Zero Point GICI, Gangtok - SSPCB",15.0,Good
25-08-2022 00:00,26-08-2022 00:00,15.06,0.19,11.2,0.59,10.2,6.12,Sikkim,Gangtok,"Zero Point GICI, Gangtok - SSPCB",15.0,Good
26-08-2022 00:00,27-08-2022 00:00,15.31,0.2,11.52,0.94,14.37,8.62,Sikkim,Gangtok,"Zero Point GICI, Gangtok - SSPCB",15.0,Good
27-08-2022 00:00,28-08-2022 00:00,13.67,0.2,11.25,0.86,19.63,11.78,Sikkim,Gangtok,"Zero Point GICI, Gangtok - SSPCB",20.0,Good
28-08-2022 00:00,29-08-2022 00:00,17.15,0.21,11.1,0.29,7.31,4.39,Sikkim,Gangtok,"Zero Point GICI, Gangtok - SSPCB",17.0,Good
29-08-2022 00:00,30-08-2022 00:00,15.01,0.27,10.8,1.42,13.55,8.13,Sikkim,Gangtok,"Zero Point GICI, Gangtok - SSPCB",15.0,Good
30-08-2022 00:00,31-08-2022 00:00,14.53,0.23,10.79,1.0,21.35,12.81,Sikkim,Gangtok,"Zero Point GICI, Gangtok - SSPCB",21.0,Good
31-08-2022 00:00,01-09-2022 00:00,13.66,0.24,10.58,0.71,9.69,5.81,Sikkim,Gangtok,"Zero Point GICI, Gangtok - SSPCB",14.0,Good
01-09-2022 00:00,02-09-2022 00:00,15.26,0.24,10.89,1.38,4.26,2.55,Sikkim,Gangtok,"Zero Point GICI, Gangtok - SSPCB",15.0,Good
02-09-2022 00:00,03-09-2022 00:00,16.17,0.22,11.17,0.97,10.63,6.38,Sikkim,Gangtok,"Zero Point GICI, Gangtok - SSPCB",16.0,Good
03-09-2022 00:00,04-09-2022 00:00,14.82,0.24,10.84,0.96,8.46,5.08,Sikkim,Gangtok,"Zero Point GICI, Gangtok - SSPCB",15.0,Good
04-09-2022 00:00,05-09-2022 00:00,14.66,0.24,10.86,0.76,16.65,9.99,Sikkim,Gangtok,"Zero Point GICI, Gangtok - SSPCB",17.0,Good
05-09-2022 00:00,06-09-2022 00:00,14.76,0.25,11.12,1.14,14.21,8.53,Sikkim,Gangtok,"Zero Point GICI, Gangtok - SSPCB",15.0,Good
06-09-2022 00:00,07-09-2022 00:00,15.77,0.25,11.01,1.69,9.57,5.75,Sikkim,Gangtok,"Zero Point GICI, Gangtok - SSPCB",16.0,Good
07-09-2022 00:00,08-09-2022 00:00,14.31,0.26,11.23,2.05,13.74,8.24,Sikkim,Gangtok,"Zero Point GICI, Gangtok - SSPCB",14.0,Good
08-09-2022 00:00,09-09-2022 00:00,13.0,0.21,11.27,1.19,13.71,8.23,Sikkim,Gangtok,"Zero Point GICI, Gangtok - SSPCB",14.0,Good
09-09-2022 00:00,10-09-2022 00:00,10.91,0.2,11.07,0.85,10.82,6.49,Sikkim,Gangtok,"Zero Point GICI, Gangtok - SSPCB",14.0,Good
10-09-2022 00:00,11-09-2022 00:00,15.05,0.25,11.45,1.36,14.36,8.62,Sikkim,Gangtok,"Zero Point GICI, Gangtok - SSPCB",15.0,Good
11-09-2022 00:00,12-09-2022 00:00,14.34,0.24,11.45,1.07,10.69,6.41,Sikkim,Gangtok,"Zero Point GICI, Gangtok - SSPCB",14.0,Good
12-09-2022 00:00,13-09-2022 00:00,10.3,0.28,11.12,3.39,11.47,6.88,Sikkim,Gangtok,"Zero Point GICI, Gangtok - SSPCB",14.0,Good
13-09-2022 00:00,14-09-2022 00:00,10.22,0.22,10.73,1.84,3.7,2.24,Sikkim,Gangtok,"Zero Point GICI, Gangtok - SSPCB",13.0,Good
14-09-2022 00:00,15-09-2022 00:00,9.53,0.19,10.77,1.76,2.78,1.67,Sikkim,Gangtok,"Zero Point GICI, Gangtok - SSPCB",13.0,Good
15-09-2022 00:00,16-09-2022 00:00,10.18,0.2,11.35,2.27,7.08,4.25,Sikkim,Gangtok,"Zero Point GICI, Gangtok - SSPCB",14.0,Good
16-09-2022 00:00,17-09-2022 00:00,13.3,0.21,12.11,1.71,8.64,5.24,Sikkim,Gangtok,"Zero Point GICI, Gangtok - SSPCB",15.0,Good
17-09-2022 00:00,18-09-2022 00:00,13.24,0.21,12.28,1.63,8.16,4.96,Sikkim,Gangtok,"Zero Point GICI, Gangtok - SSPCB",15.0,Good
18-09-2022 00:00,19-09-2022 00:00,16.08,0.17,13.35,0.65,10.25,6.15,Sikkim,Gangtok,"Zero Point GICI, Gangtok - SSPCB",17.0,Good
19-09-2022 00:00,20-09-2022 00:00,16.24,0.21,12.73,3.82,8.44,5.06,Sikkim,Gangtok,"Zero Point GICI, Gangtok - SSPCB",16.0,Good
20-09-2022 00:00,21-09-2022 00:00,,,,,,,Sikkim,Gangtok,"Zero Point GICI, Gangtok - SSPCB",,
21-09-2022 00:00,22-09-2022 00:00,,,,,,,Sikkim,Gangtok,"Zero Point GICI, Gangtok - SSPCB",,
22-09-2022 00:00,23-09-2022 00:00,12.42,0.21,13.17,1.4,,,Sikkim,Gangtok,"Zero Point GICI, Gangtok - SSPCB",16.0,Good
23-09-2022 00:00,24-09-2022 00:00,13.38,0.23,11.92,1.78,,,Sikkim,Gangtok,"Zero Point GICI, Gangtok - SSPCB",15.0,Good
24-09-2022 00:00,25-09-2022 00:00,14.13,0.23,11.63,1.34,,,Sikkim,Gangtok,"Zero Point GICI, Gangtok - SSPCB",15.0,Good
25-09-2022 00:00,26-09-2022 00:00,15.88,0.23,11.66,1.5,,,Sikkim,Gangtok,"Zero Point GICI, Gangtok - SSPCB",16.0,Good
26-09-2022 00:00,27-09-2022 00:00,14.36,0.26,11.56,2.44,10.75,6.45,Sikkim,Gangtok,"Zero Point GICI, Gangtok - SSPCB",14.0,Good
27-09-2022 00:00,28-09-2022 00:00,13.02,0.27,11.53,2.17,14.58,8.57,Sikkim,Gangtok,"Zero Point GICI, Gangtok - SSPCB",15.0,Good
28-09-2022 00:00,29-09-2022 00:00,15.47,0.27,12.38,1.91,17.1,6.83,Sikkim,Gangtok,"Zero Point GICI, Gangtok - SSPCB",17.0,Good
29-09-2022 00:00,30-09-2022 00:00,18.07,0.26,12.85,2.5,14.46,8.71,Sikkim,Gangtok,"Zero Point GICI, Gangtok - SSPCB",18.0,Good
30-09-2022 00:00,01-10-2022 00:00,15.05,0.26,13.07,2.43,12.69,5.25,Sikkim,Gangtok,"Zero Point GICI, Gangtok - SSPCB",16.0,Good
01-10-2022 00:00,02-10-2022 00:00,18.28,0.24,13.39,2.07,14.03,5.15,Sikkim,Gangtok,"Zero Point GICI, Gangtok - SSPCB",18.0,Good
02-10-2022 00:00,03-10-2022 00:00,16.03,0.23,13.71,1.86,15.59,6.48,Sikkim,Gangtok,"Zero Point GICI, Gangtok - SSPCB",17.0,Good
03-10-2022 00:00,04-10-2022 00:00,15.4,0.21,13.4,0.96,13.24,5.36,Sikkim,Gangtok,"Zero Point GICI, Gangtok - SSPCB",17.0,Good
04-10-2022 00:00,05-10-2022 00:00,11.08,0.21,12.11,0.49,4.05,1.58,Sikkim,Gangtok,"Zero Point GICI, Gangtok - SSPCB",15.0,Good
05-10-2022 00:00,06-10-2022 00:00,9.45,0.17,11.74,0.82,6.59,3.49,Sikkim,Gangtok,"Zero Point GICI, Gangtok - SSPCB",15.0,Good
06-10-2022 00:00,07-10-2022 00:00,10.15,0.17,11.98,0.74,6.52,1.59,Sikkim,Gangtok,"Zero Point GICI, Gangtok - SSPCB",15.0,Good
07-10-2022 00:00,08-10-2022 00:00,11.99,0.16,12.4,0.74,6.78,2.07,Sikkim,Gangtok,"Zero Point GICI, Gangtok - SSPCB",16.0,Good
08-10-2022 00:00,09-10-2022 00:00,11.26,0.17,12.41,0.99,8.0,5.62,Sikkim,Gangtok,"Zero Point GICI, Gangtok - SSPCB",16.0,Good
09-10-2022 00:00,10-10-2022 00:00,11.23,0.15,11.99,0.68,4.13,2.36,Sikkim,Gangtok,"Zero Point GICI, Gangtok - SSPCB",15.0,Good
10-10-2022 00:00,11-10-2022 00:00,10.75,0.21,11.89,1.42,10.32,5.86,Sikkim,Gangtok,"Zero Point GICI, Gangtok - SSPCB",15.0,Good
11-10-2022 00:00,12-10-2022 00:00,15.77,0.2,11.95,3.37,13.65,7.31,Sikkim,Gangtok,"Zero Point GICI, Gangtok - SSPCB",16.0,Good
12-10-2022 00:00,13-10-2022 00:00,10.71,0.21,11.8,2.07,7.72,3.22,Sikkim,Gangtok,"Zero Point GICI, Gangtok - SSPCB",15.0,Good
13-10-2022 00:00,14-10-2022 00:00,12.14,0.23,11.78,5.47,14.02,5.7,Sikkim,Gangtok,"Zero Point GICI, Gangtok - SSPCB",15.0,Good
14-10-2022 00:00,15-10-2022 00:00,20.35,0.19,12.53,4.03,13.22,5.65,Sikkim,Gangtok,"Zero Point GICI, Gangtok - SSPCB",20.0,Good
15-10-2022 00:00,16-10-2022 00:00,18.81,0.2,13.28,4.24,19.89,7.12,Sikkim,Gangtok,"Zero Point GICI, Gangtok - SSPCB",20.0,Good
16-10-2022 00:00,17-10-2022 00:00,22.84,0.17,13.26,2.33,15.85,6.88,Sikkim,Gangtok,"Zero Point GICI, Gangtok - SSPCB",23.0,Good
17-10-2022 00:00,18-10-2022 00:00,18.24,0.19,13.51,4.02,16.16,6.06,Sikkim,Gangtok,"Zero Point GICI, Gangtok - SSPCB",18.0,Good
18-10-2022 00:00,19-10-2022 00:00,20.63,0.18,13.57,2.33,17.37,6.74,Sikkim,Gangtok,"Zero Point GICI, Gangtok - SSPCB",21.0,Good
19-10-2022 00:00,20-10-2022 00:00,24.36,0.16,13.4,2.27,21.67,9.78,Sikkim,Gangtok,"Zero Point GICI, Gangtok - SSPCB",24.0,Good
20-10-2022 00:00,21-10-2022 00:00,24.26,0.2,13.29,3.41,28.05,14.82,Sikkim,Gangtok,"Zero Point GICI, Gangtok - SSPCB",28.0,Good
21-10-2022 00:00,22-10-2022 00:00,23.31,0.19,13.25,3.15,23.61,12.36,Sikkim,Gangtok,"Zero Point GICI, Gangtok - SSPCB",24.0,Good
22-10-2022 00:00,23-10-2022 00:00,24.16,0.16,13.39,2.46,16.92,7.18,Sikkim,Gangtok,"Zero Point GICI, Gangtok - SSPCB",24.0,Good
23-10-2022 00:00,24-10-2022 00:00,25.38,0.14,13.83,2.34,13.51,3.8,Sikkim,Gangtok,"Zero Point GICI, Gangtok - SSPCB",25.0,Good
24-10-2022 00:00,25-10-2022 00:00,21.48,0.16,13.7,1.47,13.61,6.05,Sikkim,Gangtok,"Zero Point GICI, Gangtok - SSPCB",21.0,Good
25-10-2022 00:00,26-10-2022 00:00,14.89,0.23,13.42,1.57,26.4,13.46,Sikkim,Gangtok,"Zero Point GICI, Gangtok - SSPCB",26.0,Good
26-10-2022 00:00,27-10-2022 00:00,16.9,0.22,13.5,1.68,21.46,12.13,Sikkim,Gangtok,"Zero Point GICI, Gangtok - SSPCB",21.0,Good
27-10-2022 00:00,28-10-2022 00:00,17.81,0.26,13.14,1.58,31.86,19.99,Sikkim,Gangtok,"Zero Point GICI, Gangtok - SSPCB",33.0,Good
28-10-2022 00:00,29-10-2022 00:00,18.52,0.3,13.03,2.05,38.04,24.69,Sikkim,Gangtok,"Zero Point GICI, Gangtok - SSPCB",41.0,Good
29-10-2022 00:00,30-10-2022 00:00,20.19,0.25,13.2,3.07,23.16,16.07,Sikkim,Gangtok,"Zero Point GICI, Gangtok - SSPCB",27.0,Good
30-10-2022 00:00,31-10-2022 00:00,21.05,0.2,13.32,2.25,,7.15,Sikkim,Gangtok,"Zero Point GICI, Gangtok - SSPCB",21.0,Good
31-10-2022 00:00,01-11-2022 00:00,19.09,0.2,13.42,3.51,,5.64,Sikkim,Gangtok,"Zero Point GICI, Gangtok - SSPCB",19.0,Good
01-11-2022 00:00,02-11-2022 00:00,18.63,0.2,13.67,3.53,,8.26,Sikkim,Gangtok,"Zero Point GICI, Gangtok - SSPCB",19.0,Good
02-11-2022 00:00,03-11-2022 00:00,18.45,0.22,13.65,4.82,,6.06,Sikkim,Gangtok,"Zero Point GICI, Gangtok - SSPCB",18.0,Good
03-11-2022 00:00,04-11-2022 00:00,19.51,0.21,13.48,4.61,,5.91,Sikkim,Gangtok,"Zero Point GICI, Gangtok - SSPCB",20.0,Good
04-11-2022 00:00,05-11-2022 00:00,19.76,0.22,13.6,5.79,28.72,9.14,Sikkim,Gangtok,"Zero Point GICI, Gangtok - SSPCB",29.0,Good
05-11-2022 00:00,06-11-2022 00:00,20.14,0.21,13.88,3.78,21.88,8.38,Sikkim,Gangtok,"Zero Point GICI, Gangtok - SSPCB",22.0,Good
06-11-2022 00:00,07-11-2022 00:00,19.75,0.2,14.01,2.79,22.51,11.13,Sikkim,Gangtok,"Zero Point GICI, Gangtok - SSPCB",23.0,Good
07-11-2022 00:00,08-11-2022 00:00,18.09,0.25,13.94,3.33,31.96,15.57,Sikkim,Gangtok,"Zero Point GICI, Gangtok - SSPCB",32.0,Good
08-11-2022 00:00,09-11-2022 00:00,22.29,0.24,14.18,2.83,34.09,18.05,Sikkim,Gangtok,"Zero Point GICI, Gangtok - SSPCB",34.0,Good
09-11-2022 00:00,10-11-2022 00:00,21.47,0.27,14.18,4.24,40.19,19.33,Sikkim,Gangtok,"Zero Point GICI, Gangtok - SSPCB",40.0,Good
10-11-2022 00:00,11-11-2022 00:00,23.45,0.23,14.03,2.02,33.77,17.68,Sikkim,Gangtok,"Zero Point GICI, Gangtok - SSPCB",34.0,Good
11-11-2022 00:00,12-11-2022 00:00,23.3,0.24,13.86,3.13,35.49,18.17,Sikkim,Gangtok,"Zero Point GICI, Gangtok - SSPCB",35.0,Good
12-11-2022 00:00,13-11-2022 00:00,20.76,0.29,13.29,2.89,33.6,20.95,Sikkim,Gangtok,"Zero Point GICI, Gangtok - SSPCB",35.0,Good
13-11-2022 00:00,14-11-2022 00:00,23.83,0.39,13.12,2.4,61.52,43.59,Sikkim,Gangtok,"Zero Point GICI, Gangtok - SSPCB",72.0,Moderate
14-11-2022 00:00,15-11-2022 00:00,20.37,0.44,13.45,4.97,67.44,45.96,Sikkim,Gangtok,"Zero Point GICI, Gangtok - SSPCB",76.0,Moderate
15-11-2022 00:00,16-11-2022 00:00,20.69,0.33,13.51,3.89,46.42,29.79,Sikkim,Gangtok,"Zero Point GICI, Gangtok - SSPCB",50.0,Good
16-11-2022 00:00,17-11-2022 00:00,22.83,0.29,13.57,4.34,38.71,21.48,Sikkim,Gangtok,"Zero Point GICI, Gangtok - SSPCB",39.0,Good
17-11-2022 00:00,18-11-2022 00:00,23.0,0.32,13.69,3.5,46.44,25.9,Sikkim,Gangtok,"Zero Point GICI, Gangtok - SSPCB",46.0,Good
18-11-2022 00:00,19-11-2022 00:00,23.08,0.32,13.92,4.15,44.25,26.58,Sikkim,Gangtok,"Zero Point GICI, Gangtok - SSPCB",44.0,Good
19-11-2022 00:00,20-11-2022 00:00,19.2,0.26,14.05,4.29,29.4,14.02,Sikkim,Gangtok,"Zero Point GICI, Gangtok - SSPCB",29.0,Good
20-11-2022 00:00,21-11-2022 00:00,19.27,0.22,14.27,3.96,26.86,10.71,Sikkim,Gangtok,"Zero Point GICI, Gangtok - SSPCB",27.0,Good
21-11-2022 00:00,22-11-2022 00:00,20.28,0.24,14.27,4.73,28.14,10.55,Sikkim,Gangtok,"Zero Point GICI, Gangtok - SSPCB",28.0,Good
22-11-2022 00:00,23-11-2022 00:00,20.8,0.26,14.23,4.62,30.69,12.16,Sikkim,Gangtok,"Zero Point GICI, Gangtok - SSPCB",31.0,Good
23-11-2022 00:00,24-11-2022 00:00,19.56,0.21,14.4,3.47,26.94,10.38,Sikkim,Gangtok,"Zero Point GICI, Gangtok - SSPCB",27.0,Good
24-11-2022 00:00,25-11-2022 00:00,21.0,0.19,14.47,3.64,23.0,8.14,Sikkim,Gangtok,"Zero Point GICI, Gangtok - SSPCB",23.0,Good
25-11-2022 00:00,26-11-2022 00:00,18.63,0.19,14.63,4.32,22.17,7.45,Sikkim,Gangtok,"Zero Point GICI, Gangtok - SSPCB",22.0,Good
26-11-2022 00:00,27-11-2022 00:00,19.47,0.2,14.89,4.14,25.4,9.16,Sikkim,Gangtok,"Zero Point GICI, Gangtok - SSPCB",25.0,Good
27-11-2022 00:00,28-11-2022 00:00,19.99,0.22,14.84,3.63,31.99,15.7,Sikkim,Gangtok,"Zero Point GICI, Gangtok - SSPCB",32.0,Good
28-11-2022 00:00,29-11-2022 00:00,21.11,0.24,14.69,4.4,27.77,12.06,Sikkim,Gangtok,"Zero Point GICI, Gangtok - SSPCB",28.0,Good
29-11-2022 00:00,30-11-2022 00:00,21.03,0.24,14.67,4.35,27.33,11.43,Sikkim,Gangtok,"Zero Point GICI, Gangtok - SSPCB",27.0,Good
30-11-2022 00:00,01-12-2022 00:00,21.22,0.24,14.61,4.65,27.15,11.16,Sikkim,Gangtok,"Zero Point GICI, Gangtok - SSPCB",27.0,Good
01-12-2022 00:00,02-12-2022 00:00,22.73,0.23,14.56,3.65,30.01,,Sikkim,Gangtok,"Zero Point GICI, Gangtok - SSPCB",30.0,Good
02-12-2022 00:00,03-12-2022 00:00,21.15,0.23,14.66,3.55,28.86,13.15,Sikkim,Gangtok,"Zero Point GICI, Gangtok - SSPCB",29.0,Good
03-12-2022 00:00,04-12-2022 00:00,20.62,0.25,14.9,3.43,31.45,13.86,Sikkim,Gangtok,"Zero Point GICI, Gangtok - SSPCB",31.0,Good
04-12-2022 00:00,05-12-2022 00:00,19.82,0.24,14.94,2.71,36.78,19.67,Sikkim,Gangtok,"Zero Point GICI, Gangtok - SSPCB",37.0,Good
05-12-2022 00:00,06-12-2022 00:00,18.87,0.24,15.19,3.34,30.9,15.56,Sikkim,Gangtok,"Zero Point GICI, Gangtok - SSPCB",31.0,Good
06-12-2022 00:00,07-12-2022 00:00,20.79,0.21,15.04,2.79,26.83,11.8,Sikkim,Gangtok,"Zero Point GICI, Gangtok - SSPCB",27.0,Good
07-12-2022 00:00,08-12-2022 00:00,21.67,0.22,14.86,2.74,29.19,12.73,Sikkim,Gangtok,"Zero Point GICI, Gangtok - SSPCB",29.0,Good
08-12-2022 00:00,09-12-2022 00:00,20.46,0.2,15.05,1.9,25.19,11.72,Sikkim,Gangtok,"Zero Point GICI, Gangtok - SSPCB",25.0,Good
09-12-2022 00:00,10-12-2022 00:00,18.66,0.27,15.17,4.89,33.77,14.95,Sikkim,Gangtok,"Zero Point GICI, Gangtok - SSPCB",34.0,Good
10-12-2022 00:00,11-12-2022 00:00,20.19,0.27,15.19,3.57,36.87,16.66,Sikkim,Gangtok,"Zero Point GICI, Gangtok - SSPCB",37.0,Good
11-12-2022 00:00,12-12-2022 00:00,21.63,0.28,14.96,2.7,47.3,26.07,Sikkim,Gangtok,"Zero Point GICI, Gangtok - SSPCB",47.0,Good
12-12-2022 00:00,13-12-2022 00:00,21.74,0.32,15.11,2.28,51.55,32.6,Sikkim,Gangtok,"Zero Point GICI, Gangtok - SSPCB",54.0,Moderate
13-12-2022 00:00,14-12-2022 00:00,20.85,0.36,15.57,4.25,67.7,38.86,Sikkim,Gangtok,"Zero Point GICI, Gangtok - SSPCB",68.0,Moderate
14-12-2022 00:00,15-12-2022 00:00,18.85,0.45,15.13,3.37,76.82,55.35,Sikkim,Gangtok,"Zero Point GICI, Gangtok - SSPCB",92.0,Moderate
15-12-2022 00:00,16-12-2022 00:00,18.86,0.39,15.06,3.14,64.51,41.34,Sikkim,Gangtok,"Zero Point GICI, Gangtok - SSPCB",68.0,Moderate
16-12-2022 00:00,17-12-2022 00:00,15.79,0.41,14.99,5.01,63.74,39.21,Sikkim,Gangtok,"Zero Point GICI, Gangtok - SSPCB",65.0,Moderate
17-12-2022 00:00,18-12-2022 00:00,13.95,0.43,15.02,5.36,64.57,41.07,Sikkim,Gangtok,"Zero Point GICI, Gangtok - SSPCB",68.0,Moderate
18-12-2022 00:00,19-12-2022 00:00,15.88,0.32,15.37,4.4,43.98,26.23,Sikkim,Gangtok,"Zero Point GICI, Gangtok - SSPCB",44.0,Good
19-12-2022 00:00,20-12-2022 00:00,13.5,0.38,15.22,5.36,48.81,26.29,Sikkim,Gangtok,"Zero Point GICI, Gangtok - SSPCB",49.0,Good
20-12-2022 00:00,21-12-2022 00:00,16.13,0.38,15.09,4.06,54.34,30.91,Sikkim,Gangtok,"Zero Point GICI, Gangtok - SSPCB",54.0,Moderate
21-12-2022 00:00,22-12-2022 00:00,16.36,0.4,15.12,4.31,52.81,31.68,Sikkim,Gangtok,"Zero Point GICI, Gangtok - SSPCB",53.0,Moderate
22-12-2022 00:00,23-12-2022 00:00,19.85,0.33,14.91,3.04,44.66,26.67,Sikkim,Gangtok,"Zero Point GICI, Gangtok - SSPCB",45.0,Good
23-12-2022 00:00,24-12-2022 00:00,19.41,0.36,15.04,3.01,56.75,34.72,Sikkim,Gangtok,"Zero Point GICI, Gangtok - SSPCB",57.0,Moderate
24-12-2022 00:00,25-12-2022 00:00,20.67,0.34,15.42,3.73,48.32,31.4,Sikkim,Gangtok,"Zero Point GICI, Gangtok - SSPCB",52.0,Moderate
25-12-2022 00:00,26-12-2022 00:00,21.74,0.36,15.3,5.29,46.16,29.75,Sikkim,Gangtok,"Zero Point GICI, Gangtok - SSPCB",50.0,Good
26-12-2022 00:00,27-12-2022 00:00,24.19,0.39,15.33,3.12,56.8,38.48,Sikkim,Gangtok,"Zero Point GICI, Gangtok - SSPCB",64.0,Moderate
27-12-2022 00:00,28-12-2022 00:00,26.49,0.47,15.27,2.88,87.38,60.79,Sikkim,Gangtok,"Zero Point GICI, Gangtok - SSPCB",87.0,Moderate
28-12-2022 00:00,29-12-2022 00:00,21.17,0.58,14.65,3.12,112.23,82.03,Sikkim,Gangtok,"Zero Point GICI, Gangtok - SSPCB",173.0,Moderate
29-12-2022 00:00,30-12-2022 00:00,14.22,0.62,14.3,2.78,102.14,73.22,Sikkim,Gangtok,"Zero Point GICI, Gangtok - SSPCB",143.0,Moderate
30-12-2022 00:00,31-12-2022 00:00,12.63,0.48,14.28,2.84,69.42,47.08,Sikkim,Gangtok,"Zero Point GICI, Gangtok - SSPCB",78.0,Moderate
31-12-2022 00:00,01-01-2023 00:00,14.42,0.49,14.46,2.81,67.29,47.24,Sikkim,Gangtok,"Zero Point GICI, Gangtok - SSPCB",78.0,Moderate
01-01-2023 00:00,02-01-2023 00:00,13.26,0.59,14.52,2.43,79.62,59.31,Sikkim,Gangtok,"Zero Point GICI, Gangtok - SSPCB",99.0,Moderate
02-01-2023 00:00,03-01-2023 00:00,14.72,0.47,14.69,2.43,62.88,45.16,Sikkim,Gangtok,"Zero Point GICI, Gangtok - SSPCB",75.0,Moderate
03-01-2023 00:00,04-01-2023 00:00,19.58,0.37,14.98,2.83,51.79,33.73,Sikkim,Gangtok,"Zero Point GICI, Gangtok - SSPCB",56.0,Moderate
04-01-2023 00:00,05-01-2023 00:00,22.03,0.31,15.3,2.71,42.41,24.65,Sikkim,Gangtok,"Zero Point GICI, Gangtok - SSPCB",42.0,Good
05-01-2023 00:00,06-01-2023 00:00,22.06,0.28,15.55,2.56,34.21,18.52,Sikkim,Gangtok,"Zero Point GICI, Gangtok - SSPCB",34.0,Good
06-01-2023 00:00,07-01-2023 00:00,20.94,0.25,15.83,3.86,27.68,10.93,Sikkim,Gangtok,"Zero Point GICI, Gangtok - SSPCB",28.0,Good
07-01-2023 00:00,08-01-2023 00:00,22.53,0.21,16.28,3.05,21.78,7.56,Sikkim,Gangtok,"Zero Point GICI, Gangtok - SSPCB",23.0,Good
08-01-2023 00:00,09-01-2023 00:00,23.39,0.2,16.61,2.47,22.99,7.79,Sikkim,Gangtok,"Zero Point GICI, Gangtok - SSPCB",23.0,Good
09-01-2023 00:00,10-01-2023 00:00,22.58,0.27,16.76,4.4,28.04,10.56,Sikkim,Gangtok,"Zero Point GICI, Gangtok - SSPCB",28.0,Good
10-01-2023 00:00,11-01-2023 00:00,24.6,0.3,16.86,2.91,35.24,14.91,Sikkim,Gangtok,"Zero Point GICI, Gangtok - SSPCB",35.0,Good
11-01-2023 00:00,12-01-2023 00:00,25.63,0.34,16.75,2.89,44.37,22.91,Sikkim,Gangtok,"Zero Point GICI, Gangtok - SSPCB",44.0,Good
12-01-2023 00:00,13-01-2023 00:00,25.21,0.36,16.75,2.36,45.51,27.06,Sikkim,Gangtok,"Zero Point GICI, Gangtok - SSPCB",46.0,Good
13-01-2023 00:00,14-01-2023 00:00,26.15,0.41,16.7,2.8,58.39,36.46,Sikkim,Gangtok,"Zero Point GICI, Gangtok - SSPCB",60.0,Moderate
14-01-2023 00:00,15-01-2023 00:00,25.13,0.52,16.16,1.73,83.38,59.45,Sikkim,Gangtok,"Zero Point GICI, Gangtok - SSPCB",99.0,Moderate
15-01-2023 00:00,16-01-2023 00:00,31.19,0.72,15.75,1.53,145.79,110.88,Sikkim,Gangtok,"Zero Point GICI, Gangtok - SSPCB",269.0,Severe
16-01-2023 00:00,17-01-2023 00:00,27.9,0.72,15.57,1.76,135.07,102.57,Sikkim,Gangtok,"Zero Point GICI, Gangtok - SSPCB",240.0,Severe
17-01-2023 00:00,18-01-2023 00:00,28.38,0.63,15.75,1.65,114.72,83.71,Sikkim,Gangtok,"Zero Point GICI, Gangtok - SSPCB",179.0,Moderate
18-01-2023 00:00,19-01-2023 00:00,28.41,0.59,15.79,2.32,108.4,75.85,Sikkim,Gangtok,"Zero Point GICI, Gangtok - SSPCB",152.0,Moderate
19-01-2023 00:00,20-01-2023 00:00,22.84,0.64,15.57,2.66,96.14,70.44,Sikkim,Gangtok,"Zero Point GICI, Gangtok - SSPCB",133.0,Moderate
20-01-2023 00:00,21-01-2023 00:00,23.08,0.46,15.62,2.26,,48.45,Sikkim,Gangtok,"Zero Point GICI, Gangtok - SSPCB",80.0,Moderate
21-01-2023 00:00,22-01-2023 00:00,26.36,0.43,16.05,2.44,,44.88,Sikkim,Gangtok,"Zero Point GICI, Gangtok - SSPCB",74.0,Moderate
22-01-2023 00:00,23-01-2023 00:00,21.21,0.51,15.89,2.21,,61.62,Sikkim,Gangtok,"Zero Point GICI, Gangtok - SSPCB",103.0,Moderate
23-01-2023 00:00,24-01-2023 00:00,22.52,0.53,15.97,2.58,,61.38,Sikkim,Gangtok,"Zero Point GICI, Gangtok - SSPCB",102.0,Moderate
24-01-2023 00:00,25-01-2023 00:00,23.64,0.48,16.85,2.84,,56.67,Sikkim,Gangtok,"Zero Point GICI, Gangtok - SSPCB",94.0,Moderate
25-01-2023 00:00,26-01-2023 00:00,23.45,0.44,17.52,3.67,,47.54,Sikkim,Gangtok,"Zero Point GICI, Gangtok - SSPCB",79.0,Moderate
26-01-2023 00:00,27-01-2023 00:00,23.84,0.4,17.77,2.87,,40.84,Sikkim,Gangtok,"Zero Point GICI, Gangtok - SSPCB",68.0,Moderate
27-01-2023 00:00,28-01-2023 00:00,23.64,0.45,18.24,2.21,,47.23,Sikkim,Gangtok,"Zero Point GICI, Gangtok - SSPCB",78.0,Moderate
28-01-2023 00:00,29-01-2023 00:00,24.68,0.47,18.61,1.99,,56.52,Sikkim,Gangtok,"Zero Point GICI, Gangtok - SSPCB",94.0,Moderate
29-01-2023 00:00,30-01-2023 00:00,23.28,0.41,18.99,2.09,,43.95,Sikkim,Gangtok,"Zero Point GICI, Gangtok - SSPCB",73.0,Moderate
30-01-2023 00:00,31-01-2023 00:00,21.5,0.35,19.3,3.65,,28.22,Sikkim,Gangtok,"Zero Point GICI, Gangtok - SSPCB",47.0,Good
31-01-2023 00:00,01-02-2023 00:00,23.36,0.34,19.68,3.12,,28.75,Sikkim,Gangtok,"Zero Point GICI, Gangtok - SSPCB",48.0,Good
01-02-2023 00:00,02-02-2023 00:00,18.25,0.3,19.01,0.3,,30.14,Sikkim,Gangtok,"Zero Point GICI, Gangtok - SSPCB",24.0,Good
02-02-2023 00:00,03-02-2023 00:00,,,,,,,Sikkim,Gangtok,"Zero Point GICI, Gangtok - SSPCB",,
03-02-2023 00:00,04-02-2023 00:00,,,,,,,Sikkim,Gangtok,"Zero Point GICI, Gangtok - SSPCB",,
04-02-2023 00:00,05-02-2023 00:00,,,,,,,Sikkim,Gangtok,"Zero Point GICI, Gangtok - SSPCB",,
05-02-2023 00:00,06-02-2023 00:00,,,,,,,Sikkim,Gangtok,"Zero Point GICI, Gangtok - SSPCB",,
06-02-2023 00:00,07-02-2023 00:00,20.37,0.65,18.2,4.82,105.55,70.64,Sikkim,Gangtok,"Zero Point GICI, Gangtok - SSPCB",134.0,Moderate
07-02-2023 00:00,08-02-2023 00:00,22.46,0.54,18.18,3.12,91.52,64.3,Sikkim,Gangtok,"Zero Point GICI, Gangtok - SSPCB",112.0,Moderate
08-02-2023 00:00,09-02-2023 00:00,21.94,0.53,17.98,0.62,94.68,69.99,Sikkim,Gangtok,"Zero Point GICI, Gangtok - SSPCB",132.0,Moderate
09-02-2023 00:00,10-02-2023 00:00,13.74,0.55,17.53,2.63,65.5,52.51,Sikkim,Gangtok,"Zero Point GICI, Gangtok - SSPCB",87.0,Moderate
10-02-2023 00:00,11-02-2023 00:00,12.72,0.41,17.19,0.22,31.2,25.29,Sikkim,Gangtok,"Zero Point GICI, Gangtok - SSPCB",42.0,Good
11-02-2023 00:00,12-02-2023 00:00,,,,,,,Sikkim,Gangtok,"Zero Point GICI, Gangtok - SSPCB",,
12-02-2023 00:00,13-02-2023 00:00,,,,,,,Sikkim,Gangtok,"Zero Point GICI, Gangtok - SSPCB",,
13-02-2023 00:00,14-02-2023 00:00,24.76,0.44,18.53,3.76,130.36,49.57,Sikkim,Gangtok,"Zero Point GICI, Gangtok - SSPCB",121.0,Moderate
14-02-2023 00:00,15-02-2023 00:00,24.19,0.42,18.8,3.8,113.76,48.07,Sikkim,Gangtok,"Zero Point GICI, Gangtok - SSPCB",109.0,Moderate
15-02-2023 00:00,16-02-2023 00:00,26.43,0.39,19.23,4.02,78.56,35.34,Sikkim,Gangtok,"Zero Point GICI, Gangtok - SSPCB",79.0,Moderate
16-02-2023 00:00,17-02-2023 00:00,29.2,0.35,19.81,3.29,63.21,30.13,Sikkim,Gangtok,"Zero Point GICI, Gangtok - SSPCB",63.0,Moderate
17-02-2023 00:00,18-02-2023 00:00,31.3,0.39,20.45,3.9,67.14,35.04,Sikkim,Gangtok,"Zero Point GICI, Gangtok - SSPCB",67.0,Moderate
18-02-2023 00:00,19-02-2023 00:00,32.06,0.43,21.1,3.83,74.1,40.12,Sikkim,Gangtok,"Zero Point GICI, Gangtok - SSPCB",74.0,Moderate
19-02-2023 00:00,20-02-2023 00:00,31.1,0.53,21.09,3.13,96.41,58.17,Sikkim,Gangtok,"Zero Point GICI, Gangtok - SSPCB",97.0,Moderate
20-02-2023 00:00,21-02-2023 00:00,22.18,0.58,19.83,3.59,84.65,63.89,Sikkim,Gangtok,"Zero Point GICI, Gangtok - SSPCB",111.0,Moderate
21-02-2023 00:00,22-02-2023 00:00,26.0,0.45,19.41,3.55,80.9,55.12,Sikkim,Gangtok,"Zero Point GICI, Gangtok - SSPCB",92.0,Moderate
22-02-2023 00:00,23-02-2023 00:00,31.05,0.49,19.61,2.91,94.79,66.73,Sikkim,Gangtok,"Zero Point GICI, Gangtok - SSPCB",121.0,Moderate
23-02-2023 00:00,24-02-2023 00:00,31.46,0.48,19.56,3.72,73.72,53.3,Sikkim,Gangtok,"Zero Point GICI, Gangtok - SSPCB",89.0,Moderate
24-02-2023 00:00,25-02-2023 00:00,31.58,0.46,20.05,3.12,91.21,60.19,Sikkim,Gangtok,"Zero Point GICI, Gangtok - SSPCB",91.0,Moderate
25-02-2023 00:00,26-02-2023 00:00,31.37,0.43,19.99,2.3,79.45,50.72,Sikkim,Gangtok,"Zero Point GICI, Gangtok - SSPCB",84.0,Moderate
26-02-2023 00:00,27-02-2023 00:00,22.83,0.31,19.31,2.27,39.85,25.48,Sikkim,Gangtok,"Zero Point GICI, Gangtok - SSPCB",42.0,Good
27-02-2023 00:00,28-02-2023 00:00,31.02,0.31,19.16,2.74,43.83,,Sikkim,Gangtok,"Zero Point GICI, Gangtok - SSPCB",44.0,Good
28-02-2023 00:00,01-03-2023 00:00,33.56,0.44,19.71,3.93,72.37,,Sikkim,Gangtok,"Zero Point GICI, Gangtok - SSPCB",72.0,Moderate
01-03-2023 00:00,02-03-2023 00:00,30.07,0.51,19.94,3.31,102.79,,Sikkim,Gangtok,"Zero Point GICI, Gangtok - SSPCB",102.0,Moderate
02-03-2023 00:00,03-03-2023 00:00,28.0,0.49,20.0,3.07,89.09,,Sikkim,Gangtok,"Zero Point GICI, Gangtok - SSPCB",89.0,Moderate
03-03-2023 00:00,04-03-2023 00:00,29.91,0.39,20.29,3.39,54.5,,Sikkim,Gangtok,"Zero Point GICI, Gangtok - SSPCB",54.0,Moderate
04-03-2023 00:00,05-03-2023 00:00,30.05,0.49,21.28,3.47,83.65,59.19,Sikkim,Gangtok,"Zero Point GICI, Gangtok - SSPCB",99.0,Moderate
05-03-2023 00:00,06-03-2023 00:00,27.47,0.51,21.81,4.0,79.84,55.13,Sikkim,Gangtok,"Zero Point GICI, Gangtok - SSPCB",92.0,Moderate
06-03-2023 00:00,07-03-2023 00:00,34.92,0.57,22.06,3.85,107.05,72.41,Sikkim,Gangtok,"Zero Point GICI, Gangtok - SSPCB",140.0,Moderate
07-03-2023 00:00,08-03-2023 00:00,30.66,0.49,22.27,2.63,92.35,57.64,Sikkim,Gangtok,"Zero Point GICI, Gangtok - SSPCB",96.0,Moderate
08-03-2023 00:00,09-03-2023 00:00,33.14,0.49,22.47,2.71,98.85,58.26,Sikkim,Gangtok,"Zero Point GICI, Gangtok - SSPCB",99.0,Moderate
09-03-2023 00:00,10-03-2023 00:00,36.23,0.44,22.84,3.72,72.63,45.28,Sikkim,Gangtok,"Zero Point GICI, Gangtok - SSPCB",75.0,Moderate
10-03-2023 00:00,11-03-2023 00:00,39.36,0.48,23.34,4.19,77.8,49.98,Sikkim,Gangtok,"Zero Point GICI, Gangtok - SSPCB",83.0,Moderate
11-03-2023 00:00,12-03-2023 00:00,40.01,0.43,23.27,3.65,70.89,49.06,Sikkim,Gangtok,"Zero Point GICI, Gangtok - SSPCB",82.0,Moderate
12-03-2023 00:00,13-03-2023 00:00,42.33,0.47,22.47,3.52,74.32,52.71,Sikkim,Gangtok,"Zero Point GICI, Gangtok - SSPCB",88.0,Moderate
13-03-2023 00:00,14-03-2023 00:00,39.67,0.61,22.51,6.09,92.57,63.66,Sikkim,Gangtok,"Zero Point GICI, Gangtok - SSPCB",110.0,Moderate
14-03-2023 00:00,15-03-2023 00:00,56.21,0.53,22.1,6.45,47.89,16.01,Sikkim,Gangtok,"Zero Point GICI, Gangtok - SSPCB",56.0,Moderate
15-03-2023 00:00,16-03-2023 00:00,49.09,0.37,21.45,6.96,46.44,15.87,Sikkim,Gangtok,"Zero Point GICI, Gangtok - SSPCB",49.0,Good
16-03-2023 00:00,17-03-2023 00:00,64.33,0.42,21.83,7.42,41.46,12.87,Sikkim,Gangtok,"Zero Point GICI, Gangtok - SSPCB",64.0,Moderate
17-03-2023 00:00,18-03-2023 00:00,39.74,0.42,20.76,5.43,29.46,11.26,Sikkim,Gangtok,"Zero Point GICI, Gangtok - SSPCB",40.0,Good
18-03-2023 00:00,19-03-2023 00:00,32.6,0.36,21.18,3.9,19.28,7.09,Sikkim,Gangtok,"Zero Point GICI, Gangtok - SSPCB",33.0,Good
19-03-2023 00:00,20-03-2023 00:00,26.81,0.22,20.81,0.25,8.77,3.42,Sikkim,Gangtok,"Zero Point GICI, Gangtok - SSPCB",27.0,Good
20-03-2023 00:00,21-03-2023 00:00,,,,,,,Sikkim,Gangtok,"Zero Point GICI, Gangtok - SSPCB",,
21-03-2023 00:00,22-03-2023 00:00,33.28,0.31,20.16,4.5,5.99,1.67,Sikkim,Gangtok,"Zero Point GICI, Gangtok - SSPCB",33.0,Good
22-03-2023 00:00,23-03-2023 00:00,28.62,0.25,20.32,4.23,5.65,1.71,Sikkim,Gangtok,"Zero Point GICI, Gangtok - SSPCB",29.0,Good
23-03-2023 00:00,24-03-2023 00:00,32.26,0.27,20.7,3.91,12.75,4.22,Sikkim,Gangtok,"Zero Point GICI, Gangtok - SSPCB",32.0,Good
24-03-2023 00:00,25-03-2023 00:00,25.2,0.36,20.99,5.7,13.93,5.11,Sikkim,Gangtok,"Zero Point GICI, Gangtok - SSPCB",26.0,Good
25-03-2023 00:00,26-03-2023 00:00,27.39,0.31,21.1,2.31,16.32,5.63,Sikkim,Gangtok,"Zero Point GICI, Gangtok - SSPCB",27.0,Good
26-03-2023 00:00,27-03-2023 00:00,51.44,0.34,22.49,4.5,49.89,13.5,Sikkim,Gangtok,"Zero Point GICI, Gangtok - SSPCB",51.0,Moderate
27-03-2023 00:00,28-03-2023 00:00,52.75,0.33,23.12,2.89,50.5,12.56,Sikkim,Gangtok,"Zero Point GICI, Gangtok - SSPCB",53.0,Moderate
28-03-2023 00:00,29-03-2023 00:00,52.18,0.33,22.87,3.91,36.58,9.36,Sikkim,Gangtok,"Zero Point GICI, Gangtok - SSPCB",52.0,Moderate
29-03-2023 00:00,30-03-2023 00:00,43.45,0.41,22.44,6.63,37.78,10.32,Sikkim,Gangtok,"Zero Point GICI, Gangtok - SSPCB",43.0,Good
30-03-2023 00:00,31-03-2023 00:00,42.04,0.42,22.58,3.85,44.37,14.41,Sikkim,Gangtok,"Zero Point GICI, Gangtok - SSPCB",44.0,Good
31-03-2023 00:00,01-04-2023 00:00,34.59,0.42,22.2,5.58,37.41,13.3,Sikkim,Gangtok,"Zero Point GICI, Gangtok - SSPCB",37.0,Good
01-04-2023 00:00,02-04-2023 00:00,28.82,0.27,21.53,4.19,9.88,2.82,Sikkim,Gangtok,"Zero Point GICI, Gangtok - SSPCB",29.0,Good
02-04-2023 00:00,03-04-2023 00:00,33.71,0.18,21.62,2.19,7.46,2.2,Sikkim,Gangtok,"Zero Point GICI, Gangtok - SSPCB",34.0,Good
03-04-2023 00:00,04-04-2023 00:00,42.3,0.25,22.3,3.51,14.14,3.78,Sikkim,Gangtok,"Zero Point GICI, Gangtok - SSPCB",42.0,Good
04-04-2023 00:00,05-04-2023 00:00,33.73,0.34,22.67,6.7,21.93,7.07,Sikkim,Gangtok,"Zero Point GICI, Gangtok - SSPCB",34.0,Good
05-04-2023 00:00,06-04-2023 00:00,41.95,0.25,23.1,2.94,28.32,6.88,Sikkim,Gangtok,"Zero Point GICI, Gangtok - SSPCB",42.0,Good
06-04-2023 00:00,07-04-2023 00:00,47.76,0.29,23.64,3.35,30.41,7.56,Sikkim,Gangtok,"Zero Point GICI, Gangtok - SSPCB",48.0,Good
07-04-2023 00:00,08-04-2023 00:00,51.55,0.37,24.18,3.17,44.09,11.26,Sikkim,Gangtok,"Zero Point GICI, Gangtok - SSPCB",52.0,Moderate
08-04-2023 00:00,09-04-2023 00:00,46.37,0.38,24.9,2.88,50.91,12.97,Sikkim,Gangtok,"Zero Point GICI, Gangtok - SSPCB",46.0,Good
09-04-2023 00:00,10-04-2023 00:00,54.52,0.39,25.62,2.75,50.73,13.96,Sikkim,Gangtok,"Zero Point GICI, Gangtok - SSPCB",55.0,Moderate
10-04-2023 00:00,11-04-2023 00:00,54.38,0.44,25.75,3.72,56.57,13.61,Sikkim,Gangtok,"Zero Point GICI, Gangtok - SSPCB",57.0,Moderate
11-04-2023 00:00,12-04-2023 00:00,52.22,0.48,25.44,5.19,58.03,14.19,Sikkim,Gangtok,"Zero Point GICI, Gangtok - SSPCB",58.0,Moderate
12-04-2023 00:00,13-04-2023 00:00,53.5,0.53,26.6,3.88,69.2,17.15,Sikkim,Gangtok,"Zero Point GICI, Gangtok - SSPCB",69.0,Moderate
13-04-2023 00:00,14-04-2023 00:00,55.72,0.54,27.77,4.66,70.56,17.69,Sikkim,Gangtok,"Zero Point GICI, Gangtok - SSPCB",71.0,Moderate
14-04-2023 00:00,15-04-2023 00:00,56.77,0.55,28.86,3.63,73.34,18.13,Sikkim,Gangtok,"Zero Point GICI, Gangtok - SSPCB",73.0,Moderate
15-04-2023 00:00,16-04-2023 00:00,44.7,0.56,28.99,3.6,66.86,17.68,Sikkim,Gangtok,"Zero Point GICI, Gangtok - SSPCB",67.0,Moderate
16-04-2023 00:00,17-04-2023 00:00,47.04,0.52,28.14,2.79,55.79,15.79,Sikkim,Gangtok,"Zero Point GICI, Gangtok - SSPCB",56.0,Moderate
17-04-2023 00:00,18-04-2023 00:00,56.22,0.64,28.24,3.43,66.49,19.38,Sikkim,Gangtok,"Zero Point GICI, Gangtok - SSPCB",66.0,Moderate
18-04-2023 00:00,19-04-2023 00:00,59.2,0.69,29.5,3.67,76.39,23.18,Sikkim,Gangtok,"Zero Point GICI, Gangtok - SSPCB",76.0,Moderate
19-04-2023 00:00,20-04-2023 00:00,50.49,0.59,29.31,3.64,66.85,20.11,Sikkim,Gangtok,"Zero Point GICI, Gangtok - SSPCB",67.0,Moderate
20-04-2023 00:00,21-04-2023 00:00,34.77,0.41,27.42,3.94,34.15,10.47,Sikkim,Gangtok,"Zero Point GICI, Gangtok - SSPCB",35.0,Good
21-04-2023 00:00,22-04-2023 00:00,38.81,0.38,26.55,3.57,37.65,9.57,Sikkim,Gangtok,"Zero Point GICI, Gangtok - SSPCB",39.0,Good
22-04-2023 00:00,23-04-2023 00:00,40.25,0.23,25.69,2.56,3.91,3.9,Sikkim,Gangtok,"Zero Point GICI, Gangtok - SSPCB",40.0,Good
23-04-2023 00:00,24-04-2023 00:00,37.38,0.24,25.21,2.52,,4.31,Sikkim,Gangtok,"Zero Point GICI, Gangtok - SSPCB",37.0,Good
24-04-2023 00:00,25-04-2023 00:00,34.53,0.28,25.51,2.78,,5.7,Sikkim,Gangtok,"Zero Point GICI, Gangtok - SSPCB",35.0,Good
25-04-2023 00:00,26-04-2023 00:00,32.2,0.26,25.4,3.98,11.28,4.45,Sikkim,Gangtok,"Zero Point GICI, Gangtok - SSPCB",32.0,Good
26-04-2023 00:00,27-04-2023 00:00,44.38,0.26,25.8,2.69,17.05,4.37,Sikkim,Gangtok,"Zero Point GICI, Gangtok - SSPCB",44.0,Good
27-04-2023 00:00,28-04-2023 00:00,38.66,0.34,25.84,3.65,26.14,7.78,Sikkim,Gangtok,"Zero Point GICI, Gangtok - SSPCB",39.0,Good
28-04-2023 00:00,29-04-2023 00:00,46.69,0.38,26.29,3.21,36.05,31.1,Sikkim,Gangtok,"Zero Point GICI, Gangtok - SSPCB",51.0,Moderate
29-04-2023 00:00,30-04-2023 00:00,33.85,0.43,26.0,3.65,32.0,10.96,Sikkim,Gangtok,"Zero Point GICI, Gangtok - SSPCB",34.0,Good
30-04-2023 00:00,01-05-2023 00:00,32.56,0.39,25.8,2.62,25.06,8.84,Sikkim,Gangtok,"Zero Point GICI, Gangtok - SSPCB",33.0,Good
01-05-2023 00:00,02-05-2023 00:00,26.8,0.27,25.83,2.43,11.85,3.57,Sikkim,Gangtok,"Zero Point GICI, Gangtok - SSPCB",32.0,Good
02-05-2023 00:00,03-05-2023 00:00,16.15,0.21,25.43,4.91,10.23,2.17,Sikkim,Gangtok,"Zero Point GICI, Gangtok - SSPCB",32.0,Good
03-05-2023 00:00,04-05-2023 00:00,26.95,0.18,25.84,3.48,11.46,1.67,Sikkim,Gangtok,"Zero Point GICI, Gangtok - SSPCB",32.0,Good
04-05-2023 00:00,05-05-2023 00:00,21.57,0.24,26.23,4.13,11.64,2.86,Sikkim,Gangtok,"Zero Point GICI, Gangtok - SSPCB",33.0,Good
05-05-2023 00:00,06-05-2023 00:00,32.65,0.22,27.12,1.96,15.99,4.29,Sikkim,Gangtok,"Zero Point GICI, Gangtok - SSPCB",34.0,Good
06-05-2023 00:00,07-05-2023 00:00,36.97,0.25,27.82,2.42,17.3,5.08,Sikkim,Gangtok,"Zero Point GICI, Gangtok - SSPCB",37.0,Good
07-05-2023 00:00,08-05-2023 00:00,37.21,0.29,27.35,2.63,23.68,6.13,Sikkim,Gangtok,"Zero Point GICI, Gangtok - SSPCB",37.0,Good
08-05-2023 00:00,09-05-2023 00:00,45.71,0.32,28.4,3.21,32.56,7.92,Sikkim,Gangtok,"Zero Point GICI, Gangtok - SSPCB",46.0,Good
09-05-2023 00:00,10-05-2023 00:00,38.9,0.35,28.44,4.21,35.13,8.62,Sikkim,Gangtok,"Zero Point GICI, Gangtok - SSPCB",39.0,Good
10-05-2023 00:00,11-05-2023 00:00,46.73,0.29,28.83,3.77,42.9,7.68,Sikkim,Gangtok,"Zero Point GICI, Gangtok - SSPCB",47.0,Good
11-05-2023 00:00,12-05-2023 00:00,51.36,0.3,30.05,3.71,40.97,7.08,Sikkim,Gangtok,"Zero Point GICI, Gangtok - SSPCB",51.0,Moderate
12-05-2023 00:00,13-05-2023 00:00,44.92,0.34,30.09,3.13,40.64,9.26,Sikkim,Gangtok,"Zero Point GICI, Gangtok - SSPCB",45.0,Good
13-05-2023 00:00,14-05-2023 00:00,48.43,0.32,30.66,2.84,38.17,8.53,Sikkim,Gangtok,"Zero Point GICI, Gangtok - SSPCB",48.0,Good
14-05-2023 00:00,15-05-2023 00:00,46.4,0.27,31.33,2.64,23.65,5.74,Sikkim,Gangtok,"Zero Point GICI, Gangtok - SSPCB",46.0,Good
15-05-2023 00:00,16-05-2023 00:00,30.71,0.34,28.48,4.39,18.27,5.11,Sikkim,Gangtok,"Zero Point GICI, Gangtok - SSPCB",36.0,Good
16-05-2023 00:00,17-05-2023 00:00,27.7,0.34,27.83,3.13,18.03,5.3,Sikkim,Gangtok,"Zero Point GICI, Gangtok - SSPCB",35.0,Good
17-05-2023 00:00,18-05-2023 00:00,35.56,0.33,28.04,3.12,22.66,6.36,Sikkim,Gangtok,"Zero Point GICI, Gangtok - SSPCB",36.0,Good
18-05-2023 00:00,19-05-2023 00:00,33.76,0.27,28.32,2.44,12.91,2.56,Sikkim,Gangtok,"Zero Point GICI, Gangtok - SSPCB",35.0,Good
19-05-2023 00:00,20-05-2023 00:00,34.29,0.29,28.1,3.62,18.43,4.09,Sikkim,Gangtok,"Zero Point GICI, Gangtok - SSPCB",35.0,Good
20-05-2023 00:00,21-05-2023 00:00,32.46,0.26,28.68,2.64,19.53,4.02,Sikkim,Gangtok,"Zero Point GICI, Gangtok - SSPCB",36.0,Good
21-05-2023 00:00,22-05-2023 00:00,36.43,0.27,28.74,2.98,24.27,5.63,Sikkim,Gangtok,"Zero Point GICI, Gangtok - SSPCB",36.0,Good
22-05-2023 00:00,23-05-2023 00:00,33.29,0.32,29.52,3.69,30.97,8.08,Sikkim,Gangtok,"Zero Point GICI, Gangtok - SSPCB",37.0,Good
23-05-2023 00:00,24-05-2023 00:00,18.2,0.34,30.12,5.9,24.05,6.46,Sikkim,Gangtok,"Zero Point GICI, Gangtok - SSPCB",38.0,Good
24-05-2023 00:00,25-05-2023 00:00,40.18,0.23,30.11,2.72,15.14,4.86,Sikkim,Gangtok,"Zero Point GICI, Gangtok - SSPCB",40.0,Good
25-05-2023 00:00,26-05-2023 00:00,23.07,0.58,29.44,4.13,12.02,,Sikkim,Gangtok,"Zero Point GICI, Gangtok - SSPCB",37.0,Good
26-05-2023 00:00,27-05-2023 00:00,29.88,0.21,29.28,2.66,9.87,,Sikkim,Gangtok,"Zero Point GICI, Gangtok - SSPCB",37.0,Good
27-05-2023 00:00,28-05-2023 00:00,21.49,0.24,29.01,3.05,12.6,,Sikkim,Gangtok,"Zero Point GICI, Gangtok - SSPCB",36.0,Good
28-05-2023 00:00,29-05-2023 00:00,21.49,0.21,29.67,1.75,8.19,,Sikkim,Gangtok,"Zero Point GICI, Gangtok - SSPCB",37.0,Good
29-05-2023 00:00,30-05-2023 00:00,28.94,0.22,31.19,3.4,13.14,,Sikkim,Gangtok,"Zero Point GICI, Gangtok - SSPCB",39.0,Good
30-05-2023 00:00,31-05-2023 00:00,32.55,0.25,33.32,2.99,18.95,,Sikkim,Gangtok,"Zero Point GICI, Gangtok - SSPCB",42.0,Good
31-05-2023 00:00,01-06-2023 00:00,36.69,0.29,34.59,2.59,26.4,,Sikkim,Gangtok,"Zero Point GICI, Gangtok - SSPCB",43.0,Good
01-06-2023 00:00,02-06-2023 00:00,38.26,0.32,34.18,2.85,29.91,,Sikkim,Gangtok,"Zero Point GICI, Gangtok - SSPCB",43.0,Good
02-06-2023 00:00,03-06-2023 00:00,43.95,0.3,34.0,2.85,49.11,,Sikkim,Gangtok,"Zero Point GICI, Gangtok - SSPCB",49.0,Good
03-06-2023 00:00,04-06-2023 00:00,40.91,0.33,33.37,3.26,44.77,,Sikkim,Gangtok,"Zero Point GICI, Gangtok - SSPCB",45.0,Good
04-06-2023 00:00,05-06-2023 00:00,40.38,0.33,34.16,2.41,41.02,,Sikkim,Gangtok,"Zero Point GICI, Gangtok - SSPCB",43.0,Good
05-06-2023 00:00,06-06-2023 00:00,42.58,0.31,35.76,2.7,36.58,9.97,Sikkim,Gangtok,"Zero Point GICI, Gangtok - SSPCB",45.0,Good
06-06-2023 00:00,07-06-2023 00:00,37.93,0.28,36.6,2.99,30.41,7.9,Sikkim,Gangtok,"Zero Point GICI, Gangtok - SSPCB",46.0,Good
07-06-2023 00:00,08-06-2023 00:00,40.2,0.26,37.01,3.05,23.26,5.5,Sikkim,Gangtok,"Zero Point GICI, Gangtok - SSPCB",46.0,Good
08-06-2023 00:00,09-06-2023 00:00,35.85,0.3,38.14,3.19,29.68,7.74,Sikkim,Gangtok,"Zero Point GICI, Gangtok - SSPCB",48.0,Good
09-06-2023 00:00,10-06-2023 00:00,34.72,0.31,38.07,3.13,25.81,7.22,Sikkim,Gangtok,"Zero Point GICI, Gangtok - SSPCB",48.0,Good
10-06-2023 00:00,11-06-2023 00:00,24.91,0.32,36.65,2.56,24.4,6.46,Sikkim,Gangtok,"Zero Point GICI, Gangtok - SSPCB",46.0,Good
11-06-2023 00:00,12-06-2023 00:00,29.17,0.25,37.0,0.85,14.14,3.68,Sikkim,Gangtok,"Zero Point GICI, Gangtok - SSPCB",46.0,Good
12-06-2023 00:00,13-06-2023 00:00,26.62,0.29,34.7,2.14,10.01,2.33,Sikkim,Gangtok,"Zero Point GICI, Gangtok - SSPCB",43.0,Good
13-06-2023 00:00,14-06-2023 00:00,28.71,0.29,34.06,1.99,11.56,,Sikkim,Gangtok,"Zero Point GICI, Gangtok - SSPCB",43.0,Good
14-06-2023 00:00,15-06-2023 00:00,30.36,0.27,33.81,1.65,8.77,,Sikkim,Gangtok,"Zero Point GICI, Gangtok - SSPCB",42.0,Good
15-06-2023 00:00,16-06-2023 00:00,24.48,0.32,33.45,2.88,18.24,,Sikkim,Gangtok,"Zero Point GICI, Gangtok - SSPCB",42.0,Good
16-06-2023 00:00,17-06-2023 00:00,26.25,0.32,33.67,3.36,27.74,,Sikkim,Gangtok,"Zero Point GICI, Gangtok - SSPCB",42.0,Good
17-06-2023 00:00,18-06-2023 00:00,20.65,0.3,34.21,2.12,22.16,,Sikkim,Gangtok,"Zero Point GICI, Gangtok - SSPCB",43.0,Good
18-06-2023 00:00,19-06-2023 00:00,20.72,0.27,34.8,0.79,10.67,,Sikkim,Gangtok,"Zero Point GICI, Gangtok - SSPCB",44.0,Good
19-06-2023 00:00,20-06-2023 00:00,20.06,0.23,33.83,0.57,1.88,,Sikkim,Gangtok,"Zero Point GICI, Gangtok - SSPCB",42.0,Good
20-06-2023 00:00,21-06-2023 00:00,,,,,,,Sikkim,Gangtok,"Zero Point GICI, Gangtok - SSPCB",,
21-06-2023 00:00,22-06-2023 00:00,24.04,0.29,38.35,0.66,19.21,4.42,Sikkim,Gangtok,"Zero Point GICI, Gangtok - SSPCB",48.0,Good
22-06-2023 00:00,23-06-2023 00:00,19.76,0.23,38.94,0.54,10.23,1.51,Sikkim,Gangtok,"Zero Point GICI, Gangtok - SSPCB",49.0,Good
23-06-2023 00:00,24-06-2023 00:00,22.76,0.22,38.81,0.47,9.85,2.17,Sikkim,Gangtok,"Zero Point GICI, Gangtok - SSPCB",49.0,Good
24-06-2023 00:00,25-06-2023 00:00,19.19,0.21,38.68,0.41,14.42,3.46,Sikkim,Gangtok,"Zero Point GICI, Gangtok - SSPCB",48.0,Good
25-06-2023 00:00,26-06-2023 00:00,14.35,0.2,38.52,0.69,7.05,1.25,Sikkim,Gangtok,"Zero Point GICI, Gangtok - SSPCB",48.0,Good
26-06-2023 00:00,27-06-2023 00:00,13.99,0.2,38.57,1.77,5.85,1.15,Sikkim,Gangtok,"Zero Point GICI, Gangtok - SSPCB",48.0,Good
27-06-2023 00:00,28-06-2023 00:00,16.3,0.19,38.57,1.5,2.46,0.33,Sikkim,Gangtok,"Zero Point GICI, Gangtok - SSPCB",48.0,Good
28-06-2023 00:00,29-06-2023 00:00,16.72,0.17,38.14,1.22,2.3,0.25,Sikkim,Gangtok,"Zero Point GICI, Gangtok - SSPCB",48.0,Good
29-06-2023 00:00,30-06-2023 00:00,15.01,0.19,38.21,1.36,3.83,0.51,Sikkim,Gangtok,"Zero Point GICI, Gangtok - SSPCB",48.0,Good
30-06-2023 00:00,01-07-2023 00:00,16.42,0.2,38.93,0.9,6.27,1.14,Sikkim,Gangtok,"Zero Point GICI, Gangtok - SSPCB",49.0,Good
01-07-2023 00:00,02-07-2023 00:00,19.53,0.2,39.82,0.78,4.75,0.76,Sikkim,Gangtok,"Zero Point GICI, Gangtok - SSPCB",50.0,Good
02-07-2023 00:00,03-07-2023 00:00,20.54,0.18,40.09,0.6,4.5,1.57,Sikkim,Gangtok,"Zero Point GICI, Gangtok - SSPCB",21.0,Good
03-07-2023 00:00,04-07-2023 00:00,15.56,0.23,39.99,1.55,6.02,1.38,Sikkim,Gangtok,"Zero Point GICI, Gangtok - SSPCB",50.0,Good
04-07-2023 00:00,05-07-2023 00:00,16.89,0.2,39.92,1.1,5.14,0.57,Sikkim,Gangtok,"Zero Point GICI, Gangtok - SSPCB",50.0,Good
05-07-2023 00:00,06-07-2023 00:00,17.8,0.21,41.54,1.04,8.06,1.3,Sikkim,Gangtok,"Zero Point GICI, Gangtok - SSPCB",52.0,Moderate
06-07-2023 00:00,07-07-2023 00:00,17.83,0.17,42.45,0.61,9.19,2.24,Sikkim,Gangtok,"Zero Point GICI, Gangtok - SSPCB",53.0,Moderate
07-07-2023 00:00,08-07-2023 00:00,16.37,0.13,41.35,0.65,3.0,0.63,Sikkim,Gangtok,"Zero Point GICI, Gangtok - SSPCB",51.0,Moderate
08-07-2023 00:00,09-07-2023 00:00,15.18,0.13,41.08,0.34,2.41,0.19,Sikkim,Gangtok,"Zero Point GICI, Gangtok - SSPCB",51.0,Moderate
09-07-2023 00:00,10-07-2023 00:00,16.95,0.13,41.73,0.29,4.59,0.67,Sikkim,Gangtok,"Zero Point GICI, Gangtok - SSPCB",52.0,Moderate
10-07-2023 00:00,11-07-2023 00:00,18.18,0.17,42.18,0.7,6.98,1.87,Sikkim,Gangtok,"Zero Point GICI, Gangtok - SSPCB",52.0,Moderate
11-07-2023 00:00,12-07-2023 00:00,18.07,0.2,41.99,1.31,11.81,3.81,Sikkim,Gangtok,"Zero Point GICI, Gangtok - SSPCB",52.0,Moderate
12-07-2023 00:00,13-07-2023 00:00,21.69,0.2,40.35,1.05,9.3,3.31,Sikkim,Gangtok,"Zero Point GICI, Gangtok - SSPCB",22.0,Good
13-07-2023 00:00,14-07-2023 00:00,20.4,0.18,40.19,0.41,5.97,1.74,Sikkim,Gangtok,"Zero Point GICI, Gangtok - SSPCB",20.0,Good
14-07-2023 00:00,15-07-2023 00:00,17.86,0.18,42.01,1.16,2.83,2.35,Sikkim,Gangtok,"Zero Point GICI, Gangtok - SSPCB",52.0,Moderate
15-07-2023 00:00,16-07-2023 00:00,16.74,0.2,43.57,0.97,,3.6,Sikkim,Gangtok,"Zero Point GICI, Gangtok - SSPCB",54.0,Moderate
16-07-2023 00:00,17-07-2023 00:00,16.15,0.16,42.49,0.46,,3.17,Sikkim,Gangtok,"Zero Point GICI, Gangtok - SSPCB",53.0,Moderate
17-07-2023 00:00,18-07-2023 00:00,15.68,0.17,42.27,1.65,,3.21,Sikkim,Gangtok,"Zero Point GICI, Gangtok - SSPCB",53.0,Moderate
18-07-2023 00:00,19-07-2023 00:00,13.68,0.17,42.14,1.32,,2.99,Sikkim,Gangtok,"Zero Point GICI, Gangtok - SSPCB",52.0,Moderate
19-07-2023 00:00,20-07-2023 00:00,17.8,0.19,43.75,2.2,,3.66,Sikkim,Gangtok,"Zero Point GICI, Gangtok - SSPCB",54.0,Moderate
20-07-2023 00:00,21-07-2023 00:00,20.73,0.2,45.72,1.36,,5.2,Sikkim,Gangtok,"Zero Point GICI, Gangtok - SSPCB",57.0,Moderate
21-07-2023 00:00,22-07-2023 00:00,20.27,0.2,44.62,0.98,,3.47,Sikkim,Gangtok,"Zero Point GICI, Gangtok - SSPCB",56.0,Moderate
22-07-2023 00:00,23-07-2023 00:00,21.46,0.17,43.55,0.62,,2.89,Sikkim,Gangtok,"Zero Point GICI, Gangtok - SSPCB",54.0,Moderate
23-07-2023 00:00,24-07-2023 00:00,16.82,0.17,43.36,0.51,,3.2,Sikkim,Gangtok,"Zero Point GICI, Gangtok - SSPCB",54.0,Moderate
24-07-2023 00:00,25-07-2023 00:00,15.25,0.16,43.17,1.32,,3.0,Sikkim,Gangtok,"Zero Point GICI, Gangtok - SSPCB",54.0,Moderate
25-07-2023 00:00,26-07-2023 00:00,18.62,0.16,43.54,1.21,,2.89,Sikkim,Gangtok,"Zero Point GICI, Gangtok - SSPCB",54.0,Moderate
26-07-2023 00:00,27-07-2023 00:00,17.41,0.2,44.1,1.29,,3.28,Sikkim,Gangtok,"Zero Point GICI, Gangtok - SSPCB",55.0,Moderate
27-07-2023 00:00,28-07-2023 00:00,18.61,0.2,44.71,0.83,,4.12,Sikkim,Gangtok,"Zero Point GICI, Gangtok - SSPCB",56.0,Moderate
28-07-2023 00:00,29-07-2023 00:00,18.93,0.14,44.88,0.44,,3.38,Sikkim,Gangtok,"Zero Point GICI, Gangtok - SSPCB",56.0,Moderate
29-07-2023 00:00,30-07-2023 00:00,16.7,0.16,45.22,0.82,,3.42,Sikkim,Gangtok,"Zero Point GICI, Gangtok - SSPCB",56.0,Moderate
30-07-2023 00:00,31-07-2023 00:00,21.33,0.12,45.59,0.18,,2.68,Sikkim,Gangtok,"Zero Point GICI, Gangtok - SSPCB",57.0,Moderate
31-07-2023 00:00,31-07-2023 00:00,13.29,0.1,45.93,,,2.39,Sikkim,Gangtok,"Zero Point GICI, Gangtok - SSPCB",57.0,Moderate
